caso,def_,margen,err,riesgo_juan
c03,ext_2,0.0,0.8251408469376651,2.3992556934030875
c03,ext_2,0.1,0.7251408469375401,2.3992556934030875
c03,ext_2,0.25,0.5751408469375835,2.3992556934030875
c03,ext_2,0.5,0.32514084693750195,2.3992556934030875
c03,ext_2,0.75,0.07514084693788223,2.3992556934030875
c03,ext_3,0.0,0.8251408469376651,2.3992556934030875
c03,ext_3,0.1,0.7251408469375401,2.3992556934030875
c03,ext_3,0.25,0.5751408469375835,2.3992556934030875
c03,ext_3,0.5,0.32514084693750195,2.3992556934030875
c03,ext_3,0.75,0.07514084693788223,2.3992556934030875
c03,ext_5,0.0,0.8251408469376651,2.3992556934030875
c03,ext_5,0.1,0.7251408469375401,2.3992556934030875
c03,ext_5,0.25,0.5751408469375835,2.3992556934030875
c03,ext_5,0.5,0.32514084693750195,2.3992556934030875
c03,ext_5,0.75,0.07514084693788223,2.3992556934030875
c03,ext_10,0.0,-3.668703150230727,2.3992556934030875
c03,ext_10,0.1,-3.7687031502308517,2.3992556934030875
c03,ext_10,0.25,-3.918703150230808,2.3992556934030875
c03,ext_10,0.5,-4.16870315023089,2.3992556934030875
c03,ext_10,0.75,-4.41870315023051,2.3992556934030875
c03,fractal_1,0.0,-3.668703150230727,2.3992556934030875
c03,fractal_1,0.1,-3.7687031502308517,2.3992556934030875
c03,fractal_1,0.25,-3.918703150230808,2.3992556934030875
c03,fractal_1,0.5,-4.16870315023089,2.3992556934030875
c03,fractal_1,0.75,-4.41870315023051,2.3992556934030875
c03,fractal_2,0.0,-3.668703150230727,2.3992556934030875
c03,fractal_2,0.1,-3.7687031502308517,2.3992556934030875
c03,fractal_2,0.25,-3.918703150230808,2.3992556934030875
c03,fractal_2,0.5,-4.16870315023089,2.3992556934030875
c03,fractal_2,0.75,-4.41870315023051,2.3992556934030875
c03,fractal_3,0.0,-3.668703150230727,2.3992556934030875
c03,fractal_3,0.1,-3.7687031502308517,2.3992556934030875
c03,fractal_3,0.25,-3.918703150230808,2.3992556934030875
c03,fractal_3,0.5,-4.16870315023089,2.3992556934030875
c03,fractal_3,0.75,-4.41870315023051,2.3992556934030875
c03,zigzag,0.0,0.6601126775497627,2.3992556934030875
c03,zigzag,0.1,0.5601126775496377,2.3992556934030875
c03,zigzag,0.25,0.41011267754968106,2.3992556934030875
c03,zigzag,0.5,0.16011267754959949,2.3992556934030875
c03,zigzag,0.75,-0.08988732245002026,2.3992556934030875
c03,evento,0.0,0.8251408469376651,2.3992556934030875
c03,evento,0.1,0.7251408469375401,2.3992556934030875
c03,evento,0.25,0.5751408469375835,2.3992556934030875
c03,evento,0.5,0.32514084693750195,2.3992556934030875
c03,evento,0.75,0.07514084693788223,2.3992556934030875
c05,ext_2,0.0,0.882475210917505,1.9779616796425181
c05,ext_2,0.1,0.7824752109176359,1.9779616796425181
c05,ext_2,0.25,0.632475210917648,1.9779616796425181
c05,ext_2,0.5,0.3824752109174219,1.9779616796425181
c05,ext_2,0.75,0.13247521091756492,1.9779616796425181
c05,ext_3,0.0,0.882475210917505,1.9779616796425181
c05,ext_3,0.1,0.7824752109176359,1.9779616796425181
c05,ext_3,0.25,0.632475210917648,1.9779616796425181
c05,ext_3,0.5,0.3824752109174219,1.9779616796425181
c05,ext_3,0.75,0.13247521091756492,1.9779616796425181
c05,ext_5,0.0,0.882475210917505,1.9779616796425181
c05,ext_5,0.1,0.7824752109176359,1.9779616796425181
c05,ext_5,0.25,0.632475210917648,1.9779616796425181
c05,ext_5,0.5,0.3824752109174219,1.9779616796425181
c05,ext_5,0.75,0.13247521091756492,1.9779616796425181
c05,ext_10,0.0,0.882475210917505,1.9779616796425181
c05,ext_10,0.1,0.7824752109176359,1.9779616796425181
c05,ext_10,0.25,0.632475210917648,1.9779616796425181
c05,ext_10,0.5,0.3824752109174219,1.9779616796425181
c05,ext_10,0.75,0.13247521091756492,1.9779616796425181
c05,fractal_1,0.0,0.882475210917505,1.9779616796425181
c05,fractal_1,0.1,0.7824752109176359,1.9779616796425181
c05,fractal_1,0.25,0.632475210917648,1.9779616796425181
c05,fractal_1,0.5,0.3824752109174219,1.9779616796425181
c05,fractal_1,0.75,0.13247521091756492,1.9779616796425181
c05,fractal_2,0.0,1.3186411197616787,1.9779616796425181
c05,fractal_2,0.1,1.2186411197618099,1.9779616796425181
c05,fractal_2,0.25,1.0686411197618217,1.9779616796425181
c05,fractal_2,0.5,0.8186411197615957,1.9779616796425181
c05,fractal_2,0.75,0.5686411197617387,1.9779616796425181
c05,fractal_3,0.0,1.450505231737773,1.9779616796425181
c05,fractal_3,0.1,1.3505052317379038,1.9779616796425181
c05,fractal_3,0.25,1.200505231737916,1.9779616796425181
c05,fractal_3,0.5,0.9505052317376899,1.9779616796425181
c05,fractal_3,0.75,0.7005052317378327,1.9779616796425181
c05,zigzag,0.0,0.882475210917505,1.9779616796425181
c05,zigzag,0.1,0.7824752109176359,1.9779616796425181
c05,zigzag,0.25,0.632475210917648,1.9779616796425181
c05,zigzag,0.5,0.3824752109174219,1.9779616796425181
c05,zigzag,0.75,0.13247521091756492,1.9779616796425181
c05,evento,0.0,0.882475210917505,1.9779616796425181
c05,evento,0.1,0.7824752109176359,1.9779616796425181
c05,evento,0.25,0.632475210917648,1.9779616796425181
c05,evento,0.5,0.3824752109174219,1.9779616796425181
c05,evento,0.75,0.13247521091756492,1.9779616796425181
c07,ext_2,0.0,2.5746004857133036,2.8835525439989
c07,ext_2,0.1,2.47460048571333,2.8835525439989
c07,ext_2,0.25,2.324600485713183,2.8835525439989
c07,ext_2,0.5,2.0746004857134364,2.8835525439989
c07,ext_2,0.75,1.8246004857133151,2.8835525439989
c07,ext_3,0.0,0.8238721554282572,2.8835525439989
c07,ext_3,0.1,0.7238721554282836,2.8835525439989
c07,ext_3,0.25,0.5738721554281361,2.8835525439989
c07,ext_3,0.5,0.32387215542838965,2.8835525439989
c07,ext_3,0.75,0.07387215542826854,2.8835525439989
c07,ext_5,0.0,0.1750728330285796,2.8835525439989
c07,ext_5,0.1,0.07507283302860607,2.8835525439989
c07,ext_5,0.25,-0.07492716697154152,2.8835525439989
c07,ext_5,0.5,-0.324927166971288,2.8835525439989
c07,ext_5,0.75,-0.5749271669714091,2.8835525439989
c07,ext_10,0.0,0.1750728330285796,2.8835525439989
c07,ext_10,0.1,0.07507283302860607,2.8835525439989
c07,ext_10,0.25,-0.07492716697154152,2.8835525439989
c07,ext_10,0.5,-0.324927166971288,2.8835525439989
c07,ext_10,0.75,-0.5749271669714091,2.8835525439989
c07,fractal_1,0.0,0.1750728330285796,2.8835525439989
c07,fractal_1,0.1,0.07507283302860607,2.8835525439989
c07,fractal_1,0.25,-0.07492716697154152,2.8835525439989
c07,fractal_1,0.5,-0.324927166971288,2.8835525439989
c07,fractal_1,0.75,-0.5749271669714091,2.8835525439989
c07,fractal_2,0.0,0.1750728330285796,2.8835525439989
c07,fractal_2,0.1,0.07507283302860607,2.8835525439989
c07,fractal_2,0.25,-0.07492716697154152,2.8835525439989
c07,fractal_2,0.5,-0.324927166971288,2.8835525439989
c07,fractal_2,0.75,-0.5749271669714091,2.8835525439989
c07,fractal_3,0.0,0.1750728330285796,2.8835525439989
c07,fractal_3,0.1,0.07507283302860607,2.8835525439989
c07,fractal_3,0.25,-0.07492716697154152,2.8835525439989
c07,fractal_3,0.5,-0.324927166971288,2.8835525439989
c07,fractal_3,0.75,-0.5749271669714091,2.8835525439989
c07,zigzag,0.0,0.1750728330285796,2.8835525439989
c07,zigzag,0.1,0.07507283302860607,2.8835525439989
c07,zigzag,0.25,-0.07492716697154152,2.8835525439989
c07,zigzag,0.5,-0.324927166971288,2.8835525439989
c07,zigzag,0.75,-0.5749271669714091,2.8835525439989
c07,evento,0.0,0.1750728330285796,2.8835525439989
c07,evento,0.1,0.07507283302860607,2.8835525439989
c07,evento,0.25,-0.07492716697154152,2.8835525439989
c07,evento,0.5,-0.324927166971288,2.8835525439989
c07,evento,0.75,-0.5749271669714091,2.8835525439989
c08,ext_2,0.0,0.1450995187341752,3.9982978495579435
c08,ext_2,0.1,0.04509951873395939,3.9982978495579435
c08,ext_2,0.25,-0.10490048126577782,3.9982978495579435
c08,ext_2,0.5,-0.35490048126573087,3.9982978495579435
c08,ext_2,0.75,-0.6049004812656839,3.9982978495579435
c08,ext_3,0.0,0.1450995187341752,3.9982978495579435
c08,ext_3,0.1,0.04509951873395939,3.9982978495579435
c08,ext_3,0.25,-0.10490048126577782,3.9982978495579435
c08,ext_3,0.5,-0.35490048126573087,3.9982978495579435
c08,ext_3,0.75,-0.6049004812656839,3.9982978495579435
c08,ext_5,0.0,0.1450995187341752,3.9982978495579435
c08,ext_5,0.1,0.04509951873395939,3.9982978495579435
c08,ext_5,0.25,-0.10490048126577782,3.9982978495579435
c08,ext_5,0.5,-0.35490048126573087,3.9982978495579435
c08,ext_5,0.75,-0.6049004812656839,3.9982978495579435
c08,ext_10,0.0,0.1450995187341752,3.9982978495579435
c08,ext_10,0.1,0.04509951873395939,3.9982978495579435
c08,ext_10,0.25,-0.10490048126577782,3.9982978495579435
c08,ext_10,0.5,-0.35490048126573087,3.9982978495579435
c08,ext_10,0.75,-0.6049004812656839,3.9982978495579435
c08,fractal_1,0.0,0.1450995187341752,3.9982978495579435
c08,fractal_1,0.1,0.04509951873395939,3.9982978495579435
c08,fractal_1,0.25,-0.10490048126577782,3.9982978495579435
c08,fractal_1,0.5,-0.35490048126573087,3.9982978495579435
c08,fractal_1,0.75,-0.6049004812656839,3.9982978495579435
c08,fractal_2,0.0,2.9342347121753605,3.9982978495579435
c08,fractal_2,0.1,2.834234712175145,3.9982978495579435
c08,fractal_2,0.25,2.6842347121754075,3.9982978495579435
c08,fractal_2,0.5,2.4342347121754546,3.9982978495579435
c08,fractal_2,0.75,2.1842347121755017,3.9982978495579435
c08,fractal_3,0.0,2.708524349700694,3.9982978495579435
c08,fractal_3,0.1,2.608524349700478,3.9982978495579435
c08,fractal_3,0.25,2.458524349700741,3.9982978495579435
c08,fractal_3,0.5,2.2085243497007876,3.9982978495579435
c08,fractal_3,0.75,1.9585243497008347,3.9982978495579435
c08,zigzag,0.0,0.1450995187341752,3.9982978495579435
c08,zigzag,0.1,0.04509951873395939,3.9982978495579435
c08,zigzag,0.25,-0.10490048126577782,3.9982978495579435
c08,zigzag,0.5,-0.35490048126573087,3.9982978495579435
c08,zigzag,0.75,-0.6049004812656839,3.9982978495579435
c08,evento,0.0,0.1450995187341752,3.9982978495579435
c08,evento,0.1,0.04509951873395939,3.9982978495579435
c08,evento,0.25,-0.10490048126577782,3.9982978495579435
c08,evento,0.5,-0.35490048126573087,3.9982978495579435
c08,evento,0.75,-0.6049004812656839,3.9982978495579435
c09,ext_2,0.0,0.7139550149940993,1.95604113697033
c09,ext_2,0.1,0.6139550149940979,1.95604113697033
c09,ext_2,0.25,0.46395501499409586,1.95604113697033
c09,ext_2,0.5,0.21395501499409236,1.95604113697033
c09,ext_2,0.75,-0.036044985005911113,1.95604113697033
c09,ext_3,0.0,0.62593316383047,1.95604113697033
c09,ext_3,0.1,0.5259331638304686,1.95604113697033
c09,ext_3,0.25,0.37593316383046654,1.95604113697033
c09,ext_3,0.5,0.1259331638304631,1.95604113697033
c09,ext_3,0.75,-0.12406683616954038,1.95604113697033
c09,ext_5,0.0,0.62593316383047,1.95604113697033
c09,ext_5,0.1,0.5259331638304686,1.95604113697033
c09,ext_5,0.25,0.37593316383046654,1.95604113697033
c09,ext_5,0.5,0.1259331638304631,1.95604113697033
c09,ext_5,0.75,-0.12406683616954038,1.95604113697033
c09,ext_10,0.0,0.22005462790916214,1.95604113697033
c09,ext_10,0.1,0.12005462790916074,1.95604113697033
c09,ext_10,0.25,-0.029945372090841343,1.95604113697033
c09,ext_10,0.5,-0.2799453720908448,1.95604113697033
c09,ext_10,0.75,-0.5299453720908482,1.95604113697033
c09,fractal_1,0.0,0.62593316383047,1.95604113697033
c09,fractal_1,0.1,0.5259331638304686,1.95604113697033
c09,fractal_1,0.25,0.37593316383046654,1.95604113697033
c09,fractal_1,0.5,0.1259331638304631,1.95604113697033
c09,fractal_1,0.75,-0.12406683616954038,1.95604113697033
c09,fractal_2,0.0,0.62593316383047,1.95604113697033
c09,fractal_2,0.1,0.5259331638304686,1.95604113697033
c09,fractal_2,0.25,0.37593316383046654,1.95604113697033
c09,fractal_2,0.5,0.1259331638304631,1.95604113697033
c09,fractal_2,0.75,-0.12406683616954038,1.95604113697033
c09,fractal_3,0.0,0.22005462790916214,1.95604113697033
c09,fractal_3,0.1,0.12005462790916074,1.95604113697033
c09,fractal_3,0.25,-0.029945372090841343,1.95604113697033
c09,fractal_3,0.5,-0.2799453720908448,1.95604113697033
c09,fractal_3,0.75,-0.5299453720908482,1.95604113697033
c09,zigzag,0.0,0.22005462790916214,1.95604113697033
c09,zigzag,0.1,0.12005462790916074,1.95604113697033
c09,zigzag,0.25,-0.029945372090841343,1.95604113697033
c09,zigzag,0.5,-0.2799453720908448,1.95604113697033
c09,zigzag,0.75,-0.5299453720908482,1.95604113697033
c09,evento,0.0,0.62593316383047,1.95604113697033
c09,evento,0.1,0.5259331638304686,1.95604113697033
c09,evento,0.25,0.37593316383046654,1.95604113697033
c09,evento,0.5,0.1259331638304631,1.95604113697033
c09,evento,0.75,-0.12406683616954038,1.95604113697033
c10,ext_2,0.0,0.34163355630448866,2.8873545726359833
c10,ext_2,0.1,0.24163355630448205,2.8873545726359833
c10,ext_2,0.25,0.09163355630467265,2.8873545726359833
c10,ext_2,0.5,-0.15836644369554426,2.8873545726359833
c10,ext_2,0.75,-0.40836644369536024,2.8873545726359833
c10,ext_3,0.0,0.34163355630448866,2.8873545726359833
c10,ext_3,0.1,0.24163355630448205,2.8873545726359833
c10,ext_3,0.25,0.09163355630467265,2.8873545726359833
c10,ext_3,0.5,-0.15836644369554426,2.8873545726359833
c10,ext_3,0.75,-0.40836644369536024,2.8873545726359833
c10,ext_5,0.0,0.3085722444037568,2.8873545726359833
c10,ext_5,0.1,0.20857224440375022,2.8873545726359833
c10,ext_5,0.25,0.05857224440394081,2.8873545726359833
c10,ext_5,0.5,-0.1914277555962761,2.8873545726359833
c10,ext_5,0.75,-0.4414277555960921,2.8873545726359833
c10,ext_10,0.0,0.3085722444037568,2.8873545726359833
c10,ext_10,0.1,0.20857224440375022,2.8873545726359833
c10,ext_10,0.25,0.05857224440394081,2.8873545726359833
c10,ext_10,0.5,-0.1914277555962761,2.8873545726359833
c10,ext_10,0.75,-0.4414277555960921,2.8873545726359833
c10,fractal_1,0.0,0.34163355630448866,2.8873545726359833
c10,fractal_1,0.1,0.24163355630448205,2.8873545726359833
c10,fractal_1,0.25,0.09163355630467265,2.8873545726359833
c10,fractal_1,0.5,-0.15836644369554426,2.8873545726359833
c10,fractal_1,0.75,-0.40836644369536024,2.8873545726359833
c10,fractal_2,0.0,0.3085722444037568,2.8873545726359833
c10,fractal_2,0.1,0.20857224440375022,2.8873545726359833
c10,fractal_2,0.25,0.05857224440394081,2.8873545726359833
c10,fractal_2,0.5,-0.1914277555962761,2.8873545726359833
c10,fractal_2,0.75,-0.4414277555960921,2.8873545726359833
c10,fractal_3,0.0,0.3085722444037568,2.8873545726359833
c10,fractal_3,0.1,0.20857224440375022,2.8873545726359833
c10,fractal_3,0.25,0.05857224440394081,2.8873545726359833
c10,fractal_3,0.5,-0.1914277555962761,2.8873545726359833
c10,fractal_3,0.75,-0.4414277555960921,2.8873545726359833
c10,zigzag,0.0,0.3085722444037568,2.8873545726359833
c10,zigzag,0.1,0.20857224440375022,2.8873545726359833
c10,zigzag,0.25,0.05857224440394081,2.8873545726359833
c10,zigzag,0.5,-0.1914277555962761,2.8873545726359833
c10,zigzag,0.75,-0.4414277555960921,2.8873545726359833
c10,evento,0.0,0.34163355630448866,2.8873545726359833
c10,evento,0.1,0.24163355630448205,2.8873545726359833
c10,evento,0.25,0.09163355630467265,2.8873545726359833
c10,evento,0.5,-0.15836644369554426,2.8873545726359833
c10,evento,0.75,-0.40836644369536024,2.8873545726359833
c11,ext_2,0.0,1.3813398059684034,2.5277959202336437
c11,ext_2,0.1,1.2813398059684724,2.5277959202336437
c11,ext_2,0.25,1.131339805968474,2.5277959202336437
c11,ext_2,0.5,0.8813398059683409,2.5277959202336437
c11,ext_2,0.75,0.6313398059684113,2.5277959202336437
c11,ext_3,0.0,1.3813398059684034,2.5277959202336437
c11,ext_3,0.1,1.2813398059684724,2.5277959202336437
c11,ext_3,0.25,1.131339805968474,2.5277959202336437
c11,ext_3,0.5,0.8813398059683409,2.5277959202336437
c11,ext_3,0.75,0.6313398059684113,2.5277959202336437
c11,ext_5,0.0,1.3813398059684034,2.5277959202336437
c11,ext_5,0.1,1.2813398059684724,2.5277959202336437
c11,ext_5,0.25,1.131339805968474,2.5277959202336437
c11,ext_5,0.5,0.8813398059683409,2.5277959202336437
c11,ext_5,0.75,0.6313398059684113,2.5277959202336437
c11,ext_10,0.0,0.9954594553131925,2.5277959202336437
c11,ext_10,0.1,0.8954594553132613,2.5277959202336437
c11,ext_10,0.25,0.7454594553132629,2.5277959202336437
c11,ext_10,0.5,0.49545945531312985,2.5277959202336437
c11,ext_10,0.75,0.2454594553132003,2.5277959202336437
c11,fractal_1,0.0,0.6431339177585494,2.5277959202336437
c11,fractal_1,0.1,0.5431339177586183,2.5277959202336437
c11,fractal_1,0.25,0.39313391775861994,2.5277959202336437
c11,fractal_1,0.5,0.1431339177584869,2.5277959202336437
c11,fractal_1,0.75,-0.10686608224144266,2.5277959202336437
c11,fractal_2,0.0,0.5928016981080024,2.5277959202336437
c11,fractal_2,0.1,0.49280169810807134,2.5277959202336437
c11,fractal_2,0.25,0.3428016981080729,2.5277959202336437
c11,fractal_2,0.5,0.09280169810793988,2.5277959202336437
c11,fractal_2,0.75,-0.1571983018919897,2.5277959202336437
c11,fractal_3,0.0,0.5928016981080024,2.5277959202336437
c11,fractal_3,0.1,0.49280169810807134,2.5277959202336437
c11,fractal_3,0.25,0.3428016981080729,2.5277959202336437
c11,fractal_3,0.5,0.09280169810793988,2.5277959202336437
c11,fractal_3,0.75,-0.1571983018919897,2.5277959202336437
c11,zigzag,0.0,1.3813398059684034,2.5277959202336437
c11,zigzag,0.1,1.2813398059684724,2.5277959202336437
c11,zigzag,0.25,1.131339805968474,2.5277959202336437
c11,zigzag,0.5,0.8813398059683409,2.5277959202336437
c11,zigzag,0.75,0.6313398059684113,2.5277959202336437
c11,evento,0.0,1.3813398059684034,2.5277959202336437
c11,evento,0.1,1.2813398059684724,2.5277959202336437
c11,evento,0.25,1.131339805968474,2.5277959202336437
c11,evento,0.5,0.8813398059683409,2.5277959202336437
c11,evento,0.75,0.6313398059684113,2.5277959202336437
c12,ext_2,0.0,2.407401230665738,3.6292480864304957
c12,ext_2,0.1,2.3074012306655796,3.6292480864304957
c12,ext_2,0.25,2.1574012306657817,3.6292480864304957
c12,ext_2,0.5,1.9074012306658255,3.6292480864304957
c12,ext_2,0.75,1.6574012306658692,3.6292480864304957
c12,ext_3,0.0,2.407401230665738,3.6292480864304957
c12,ext_3,0.1,2.3074012306655796,3.6292480864304957
c12,ext_3,0.25,2.1574012306657817,3.6292480864304957
c12,ext_3,0.5,1.9074012306658255,3.6292480864304957
c12,ext_3,0.75,1.6574012306658692,3.6292480864304957
c12,ext_5,0.0,1.2097493621434987,3.6292480864304957
c12,ext_5,0.1,1.10974936214334,3.6292480864304957
c12,ext_5,0.25,0.9597493621435422,3.6292480864304957
c12,ext_5,0.5,0.7097493621435859,3.6292480864304957
c12,ext_5,0.75,0.4597493621436295,3.6292480864304957
c12,ext_10,0.0,0.3145348341571336,3.6292480864304957
c12,ext_10,0.1,0.214534834156975,3.6292480864304957
c12,ext_10,0.25,0.06453483415717723,3.6292480864304957
c12,ext_10,0.5,-0.18546516584277917,3.6292480864304957
c12,ext_10,0.75,-0.43546516584273554,3.6292480864304957
c12,fractal_1,0.0,0.3145348341571336,3.6292480864304957
c12,fractal_1,0.1,0.214534834156975,3.6292480864304957
c12,fractal_1,0.25,0.06453483415717723,3.6292480864304957
c12,fractal_1,0.5,-0.18546516584277917,3.6292480864304957
c12,fractal_1,0.75,-0.43546516584273554,3.6292480864304957
c12,fractal_2,0.0,0.3145348341571336,3.6292480864304957
c12,fractal_2,0.1,0.214534834156975,3.6292480864304957
c12,fractal_2,0.25,0.06453483415717723,3.6292480864304957
c12,fractal_2,0.5,-0.18546516584277917,3.6292480864304957
c12,fractal_2,0.75,-0.43546516584273554,3.6292480864304957
c12,fractal_3,0.0,0.3145348341571336,3.6292480864304957
c12,fractal_3,0.1,0.214534834156975,3.6292480864304957
c12,fractal_3,0.25,0.06453483415717723,3.6292480864304957
c12,fractal_3,0.5,-0.18546516584277917,3.6292480864304957
c12,fractal_3,0.75,-0.43546516584273554,3.6292480864304957
c12,zigzag,0.0,0.3145348341571336,3.6292480864304957
c12,zigzag,0.1,0.214534834156975,3.6292480864304957
c12,zigzag,0.25,0.06453483415717723,3.6292480864304957
c12,zigzag,0.5,-0.18546516584277917,3.6292480864304957
c12,zigzag,0.75,-0.43546516584273554,3.6292480864304957
c12,evento,0.0,0.3145348341571336,3.6292480864304957
c12,evento,0.1,0.214534834156975,3.6292480864304957
c12,evento,0.25,0.06453483415717723,3.6292480864304957
c12,evento,0.5,-0.18546516584277917,3.6292480864304957
c12,evento,0.75,-0.43546516584273554,3.6292480864304957
c13,ext_2,0.0,0.43496041538808405,3.419272154302066
c13,ext_2,0.1,0.3349604153882171,3.419272154302066
c13,ext_2,0.25,0.18496041538797706,3.419272154302066
c13,ext_2,0.5,-0.06503958461212993,3.419272154302066
c13,ext_2,0.75,-0.3150395846117974,3.419272154302066
c13,ext_3,0.0,0.43496041538808405,3.419272154302066
c13,ext_3,0.1,0.3349604153882171,3.419272154302066
c13,ext_3,0.25,0.18496041538797706,3.419272154302066
c13,ext_3,0.5,-0.06503958461212993,3.419272154302066
c13,ext_3,0.75,-0.3150395846117974,3.419272154302066
c13,ext_5,0.0,0.43496041538808405,3.419272154302066
c13,ext_5,0.1,0.3349604153882171,3.419272154302066
c13,ext_5,0.25,0.18496041538797706,3.419272154302066
c13,ext_5,0.5,-0.06503958461212993,3.419272154302066
c13,ext_5,0.75,-0.3150395846117974,3.419272154302066
c13,ext_10,0.0,0.43496041538808405,3.419272154302066
c13,ext_10,0.1,0.3349604153882171,3.419272154302066
c13,ext_10,0.25,0.18496041538797706,3.419272154302066
c13,ext_10,0.5,-0.06503958461212993,3.419272154302066
c13,ext_10,0.75,-0.3150395846117974,3.419272154302066
c13,fractal_1,0.0,0.43496041538808405,3.419272154302066
c13,fractal_1,0.1,0.3349604153882171,3.419272154302066
c13,fractal_1,0.25,0.18496041538797706,3.419272154302066
c13,fractal_1,0.5,-0.06503958461212993,3.419272154302066
c13,fractal_1,0.75,-0.3150395846117974,3.419272154302066
c13,fractal_2,0.0,0.21748020769404203,3.419272154302066
c13,fractal_2,0.1,0.11748020769417505,3.419272154302066
c13,fractal_2,0.25,-0.032519792306064964,3.419272154302066
c13,fractal_2,0.5,-0.28251979230617197,3.419272154302066
c13,fractal_2,0.75,-0.5325197923058393,3.419272154302066
c13,fractal_3,0.0,0.21748020769404203,3.419272154302066
c13,fractal_3,0.1,0.11748020769417505,3.419272154302066
c13,fractal_3,0.25,-0.032519792306064964,3.419272154302066
c13,fractal_3,0.5,-0.28251979230617197,3.419272154302066
c13,fractal_3,0.75,-0.5325197923058393,3.419272154302066
c13,zigzag,0.0,0.43496041538808405,3.419272154302066
c13,zigzag,0.1,0.3349604153882171,3.419272154302066
c13,zigzag,0.25,0.18496041538797706,3.419272154302066
c13,zigzag,0.5,-0.06503958461212993,3.419272154302066
c13,zigzag,0.75,-0.3150395846117974,3.419272154302066
c13,evento,0.0,0.43496041538808405,3.419272154302066
c13,evento,0.1,0.3349604153882171,3.419272154302066
c13,evento,0.25,0.18496041538797706,3.419272154302066
c13,evento,0.5,-0.06503958461212993,3.419272154302066
c13,evento,0.75,-0.3150395846117974,3.419272154302066
c14,ext_2,0.0,1.0280093902890624,1.6772784788929527
c14,ext_2,0.1,0.9280093902889653,1.6772784788929527
c14,ext_2,0.25,0.7780093902890657,1.6772784788929527
c14,ext_2,0.5,0.5280093902890689,1.6772784788929527
c14,ext_2,0.75,0.27800939028907223,1.6772784788929527
c14,ext_3,0.0,0.14879083280482752,1.6772784788929527
c14,ext_3,0.1,0.04879083280473042,1.6772784788929527
c14,ext_3,0.25,-0.1012091671951692,1.6772784788929527
c14,ext_3,0.5,-0.3512091671951659,1.6772784788929527
c14,ext_3,0.75,-0.6012091671951626,1.6772784788929527
c14,ext_5,0.0,0.14879083280482752,1.6772784788929527
c14,ext_5,0.1,0.04879083280473042,1.6772784788929527
c14,ext_5,0.25,-0.1012091671951692,1.6772784788929527
c14,ext_5,0.5,-0.3512091671951659,1.6772784788929527
c14,ext_5,0.75,-0.6012091671951626,1.6772784788929527
c14,ext_10,0.0,0.14879083280482752,1.6772784788929527
c14,ext_10,0.1,0.04879083280473042,1.6772784788929527
c14,ext_10,0.25,-0.1012091671951692,1.6772784788929527
c14,ext_10,0.5,-0.3512091671951659,1.6772784788929527
c14,ext_10,0.75,-0.6012091671951626,1.6772784788929527
c14,fractal_1,0.0,0.14879083280482752,1.6772784788929527
c14,fractal_1,0.1,0.04879083280473042,1.6772784788929527
c14,fractal_1,0.25,-0.1012091671951692,1.6772784788929527
c14,fractal_1,0.5,-0.3512091671951659,1.6772784788929527
c14,fractal_1,0.75,-0.6012091671951626,1.6772784788929527
c14,fractal_2,0.0,0.14879083280482752,1.6772784788929527
c14,fractal_2,0.1,0.04879083280473042,1.6772784788929527
c14,fractal_2,0.25,-0.1012091671951692,1.6772784788929527
c14,fractal_2,0.5,-0.3512091671951659,1.6772784788929527
c14,fractal_2,0.75,-0.6012091671951626,1.6772784788929527
c14,fractal_3,0.0,0.1420276131319703,1.6772784788929527
c14,fractal_3,0.1,0.042027613131873184,1.6772784788929527
c14,fractal_3,0.25,-0.10797238686802643,1.6772784788929527
c14,fractal_3,0.5,-0.3579723868680232,1.6772784788929527
c14,fractal_3,0.75,-0.6079723868680199,1.6772784788929527
c14,zigzag,0.0,0.14879083280482752,1.6772784788929527
c14,zigzag,0.1,0.04879083280473042,1.6772784788929527
c14,zigzag,0.25,-0.1012091671951692,1.6772784788929527
c14,zigzag,0.5,-0.3512091671951659,1.6772784788929527
c14,zigzag,0.75,-0.6012091671951626,1.6772784788929527
c14,evento,0.0,0.14879083280482752,1.6772784788929527
c14,evento,0.1,0.04879083280473042,1.6772784788929527
c14,evento,0.25,-0.1012091671951692,1.6772784788929527
c14,evento,0.5,-0.3512091671951659,1.6772784788929527
c14,evento,0.75,-0.6012091671951626,1.6772784788929527
c15,ext_2,0.0,0.3953508722843167,1.522100858294763
c15,ext_2,0.1,0.2953508722842961,1.522100858294763
c15,ext_2,0.25,0.14535087228426516,1.522100858294763
c15,ext_2,0.5,-0.10464912771578637,1.522100858294763
c15,ext_2,0.75,-0.3546491277158379,1.522100858294763
c15,ext_3,0.0,0.3953508722843167,1.522100858294763
c15,ext_3,0.1,0.2953508722842961,1.522100858294763
c15,ext_3,0.25,0.14535087228426516,1.522100858294763
c15,ext_3,0.5,-0.10464912771578637,1.522100858294763
c15,ext_3,0.75,-0.3546491277158379,1.522100858294763
c15,ext_5,0.0,0.3953508722843167,1.522100858294763
c15,ext_5,0.1,0.2953508722842961,1.522100858294763
c15,ext_5,0.25,0.14535087228426516,1.522100858294763
c15,ext_5,0.5,-0.10464912771578637,1.522100858294763
c15,ext_5,0.75,-0.3546491277158379,1.522100858294763
c15,ext_10,0.0,0.3953508722843167,1.522100858294763
c15,ext_10,0.1,0.2953508722842961,1.522100858294763
c15,ext_10,0.25,0.14535087228426516,1.522100858294763
c15,ext_10,0.5,-0.10464912771578637,1.522100858294763
c15,ext_10,0.75,-0.3546491277158379,1.522100858294763
c15,fractal_1,0.0,0.3953508722843167,1.522100858294763
c15,fractal_1,0.1,0.2953508722842961,1.522100858294763
c15,fractal_1,0.25,0.14535087228426516,1.522100858294763
c15,fractal_1,0.5,-0.10464912771578637,1.522100858294763
c15,fractal_1,0.75,-0.3546491277158379,1.522100858294763
c15,fractal_2,0.0,0.45465350312682035,1.522100858294763
c15,fractal_2,0.1,0.3546535031267998,1.522100858294763
c15,fractal_2,0.25,0.20465350312676883,1.522100858294763
c15,fractal_2,0.5,-0.04534649687328269,1.522100858294763
c15,fractal_2,0.75,-0.2953464968733342,1.522100858294763
c15,fractal_3,0.0,1.304657878538317,1.522100858294763
c15,fractal_3,0.1,1.2046578785382964,1.522100858294763
c15,fractal_3,0.25,1.0546578785382654,1.522100858294763
c15,fractal_3,0.5,0.8046578785382139,1.522100858294763
c15,fractal_3,0.75,0.5546578785381624,1.522100858294763
c15,zigzag,0.0,0.3953508722843167,1.522100858294763
c15,zigzag,0.1,0.2953508722842961,1.522100858294763
c15,zigzag,0.25,0.14535087228426516,1.522100858294763
c15,zigzag,0.5,-0.10464912771578637,1.522100858294763
c15,zigzag,0.75,-0.3546491277158379,1.522100858294763
c15,evento,0.0,0.3953508722843167,1.522100858294763
c15,evento,0.1,0.2953508722842961,1.522100858294763
c15,evento,0.25,0.14535087228426516,1.522100858294763
c15,evento,0.5,-0.10464912771578637,1.522100858294763
c15,evento,0.75,-0.3546491277158379,1.522100858294763
c16,ext_2,0.0,3.1767198955389286,4.398535239976902
c16,ext_2,0.1,3.0767198955389725,4.398535239976902
c16,ext_2,0.25,2.9267198955390388,4.398535239976902
c16,ext_2,0.5,2.676719895539149,4.398535239976902
c16,ext_2,0.75,2.4267198955387648,4.398535239976902
c16,ext_3,0.0,2.3621763325802796,4.398535239976902
c16,ext_3,0.1,2.2621763325803235,4.398535239976902
c16,ext_3,0.25,2.1121763325803897,4.398535239976902
c16,ext_3,0.5,1.8621763325804999,4.398535239976902
c16,ext_3,0.75,1.612176332580116,4.398535239976902
c16,ext_5,0.0,0.4615746856767653,4.398535239976902
c16,ext_5,0.1,0.36157468567680934,4.398535239976902
c16,ext_5,0.25,0.2115746856768754,4.398535239976902
c16,ext_5,0.5,-0.03842531432301447,4.398535239976902
c16,ext_5,0.75,-0.28842531432339824,4.398535239976902
c16,ext_10,0.0,0.4615746856767653,4.398535239976902
c16,ext_10,0.1,0.36157468567680934,4.398535239976902
c16,ext_10,0.25,0.2115746856768754,4.398535239976902
c16,ext_10,0.5,-0.03842531432301447,4.398535239976902
c16,ext_10,0.75,-0.28842531432339824,4.398535239976902
c16,fractal_1,0.0,0.4615746856767653,4.398535239976902
c16,fractal_1,0.1,0.36157468567680934,4.398535239976902
c16,fractal_1,0.25,0.2115746856768754,4.398535239976902
c16,fractal_1,0.5,-0.03842531432301447,4.398535239976902
c16,fractal_1,0.75,-0.28842531432339824,4.398535239976902
c16,fractal_2,0.0,0.4615746856767653,4.398535239976902
c16,fractal_2,0.1,0.36157468567680934,4.398535239976902
c16,fractal_2,0.25,0.2115746856768754,4.398535239976902
c16,fractal_2,0.5,-0.03842531432301447,4.398535239976902
c16,fractal_2,0.75,-0.28842531432339824,4.398535239976902
c16,fractal_3,0.0,0.4615746856767653,4.398535239976902
c16,fractal_3,0.1,0.36157468567680934,4.398535239976902
c16,fractal_3,0.25,0.2115746856768754,4.398535239976902
c16,fractal_3,0.5,-0.03842531432301447,4.398535239976902
c16,fractal_3,0.75,-0.28842531432339824,4.398535239976902
c16,zigzag,0.0,0.4615746856767653,4.398535239976902
c16,zigzag,0.1,0.36157468567680934,4.398535239976902
c16,zigzag,0.25,0.2115746856768754,4.398535239976902
c16,zigzag,0.5,-0.03842531432301447,4.398535239976902
c16,zigzag,0.75,-0.28842531432339824,4.398535239976902
c16,evento,0.0,0.4615746856767653,4.398535239976902
c16,evento,0.1,0.36157468567680934,4.398535239976902
c16,evento,0.25,0.2115746856768754,4.398535239976902
c16,evento,0.5,-0.03842531432301447,4.398535239976902
c16,evento,0.75,-0.28842531432339824,4.398535239976902
c17,ext_2,0.0,0.2986397227769231,2.9734128919969782
c17,ext_2,0.1,0.19863972277681205,2.9734128919969782
c17,ext_2,0.25,0.04863972277711789,2.9734128919969782
c17,ext_2,0.5,-0.20136027722315966,2.9734128919969782
c17,ext_2,0.75,-0.45136027722296485,2.9734128919969782
c17,ext_3,0.0,0.2986397227769231,2.9734128919969782
c17,ext_3,0.1,0.19863972277681205,2.9734128919969782
c17,ext_3,0.25,0.04863972277711789,2.9734128919969782
c17,ext_3,0.5,-0.20136027722315966,2.9734128919969782
c17,ext_3,0.75,-0.45136027722296485,2.9734128919969782
c17,ext_5,0.0,0.2986397227769231,2.9734128919969782
c17,ext_5,0.1,0.19863972277681205,2.9734128919969782
c17,ext_5,0.25,0.04863972277711789,2.9734128919969782
c17,ext_5,0.5,-0.20136027722315966,2.9734128919969782
c17,ext_5,0.75,-0.45136027722296485,2.9734128919969782
c17,ext_10,0.0,0.2986397227769231,2.9734128919969782
c17,ext_10,0.1,0.19863972277681205,2.9734128919969782
c17,ext_10,0.25,0.04863972277711789,2.9734128919969782
c17,ext_10,0.5,-0.20136027722315966,2.9734128919969782
c17,ext_10,0.75,-0.45136027722296485,2.9734128919969782
c17,fractal_1,0.0,0.2986397227769231,2.9734128919969782
c17,fractal_1,0.1,0.19863972277681205,2.9734128919969782
c17,fractal_1,0.25,0.04863972277711789,2.9734128919969782
c17,fractal_1,0.5,-0.20136027722315966,2.9734128919969782
c17,fractal_1,0.75,-0.45136027722296485,2.9734128919969782
c17,fractal_2,0.0,2.6617888334473303,2.9734128919969782
c17,fractal_2,0.1,2.561788833447219,2.9734128919969782
c17,fractal_2,0.25,2.4117888334475253,2.9734128919969782
c17,fractal_2,0.5,2.1617888334472477,2.9734128919969782
c17,fractal_2,0.75,1.9117888334474424,2.9734128919969782
c17,fractal_3,0.0,0.9348721756498886,2.9734128919969782
c17,fractal_3,0.1,0.8348721756497776,2.9734128919969782
c17,fractal_3,0.25,0.6848721756500834,2.9734128919969782
c17,fractal_3,0.5,0.4348721756498058,2.9734128919969782
c17,fractal_3,0.75,0.1848721756500006,2.9734128919969782
c17,zigzag,0.0,0.2986397227769231,2.9734128919969782
c17,zigzag,0.1,0.19863972277681205,2.9734128919969782
c17,zigzag,0.25,0.04863972277711789,2.9734128919969782
c17,zigzag,0.5,-0.20136027722315966,2.9734128919969782
c17,zigzag,0.75,-0.45136027722296485,2.9734128919969782
c17,evento,0.0,0.2986397227769231,2.9734128919969782
c17,evento,0.1,0.19863972277681205,2.9734128919969782
c17,evento,0.25,0.04863972277711789,2.9734128919969782
c17,evento,0.5,-0.20136027722315966,2.9734128919969782
c17,evento,0.75,-0.45136027722296485,2.9734128919969782
c18,ext_2,0.0,1.0405471582978447,3.3577940214579307
c18,ext_2,0.1,0.9405471582976743,3.3577940214579307
c18,ext_2,0.25,0.7905471582979556,3.3577940214579307
c18,ext_2,0.5,0.5405471582980663,3.3577940214579307
c18,ext_2,0.75,0.29054715829764016,3.3577940214579307
c18,ext_3,0.0,0.5387229968489722,3.3577940214579307
c18,ext_3,0.1,0.4387229968488018,3.3577940214579307
c18,ext_3,0.25,0.288722996849083,3.3577940214579307
c18,ext_3,0.5,0.03872299684919377,3.3577940214579307
c18,ext_3,0.75,-0.2112770031512324,3.3577940214579307
c18,ext_5,0.0,0.36898835400636604,3.3577940214579307
c18,ext_5,0.1,0.26898835400619553,3.3577940214579307
c18,ext_5,0.25,0.1189883540064768,3.3577940214579307
c18,ext_5,0.5,-0.13101164599341242,3.3577940214579307
c18,ext_5,0.75,-0.38101164599383863,3.3577940214579307
c18,ext_10,0.0,0.36898835400636604,3.3577940214579307
c18,ext_10,0.1,0.26898835400619553,3.3577940214579307
c18,ext_10,0.25,0.1189883540064768,3.3577940214579307
c18,ext_10,0.5,-0.13101164599341242,3.3577940214579307
c18,ext_10,0.75,-0.38101164599383863,3.3577940214579307
c18,fractal_1,0.0,0.36898835400636604,3.3577940214579307
c18,fractal_1,0.1,0.26898835400619553,3.3577940214579307
c18,fractal_1,0.25,0.1189883540064768,3.3577940214579307
c18,fractal_1,0.5,-0.13101164599341242,3.3577940214579307
c18,fractal_1,0.75,-0.38101164599383863,3.3577940214579307
c18,fractal_2,0.0,0.36898835400636604,3.3577940214579307
c18,fractal_2,0.1,0.26898835400619553,3.3577940214579307
c18,fractal_2,0.25,0.1189883540064768,3.3577940214579307
c18,fractal_2,0.5,-0.13101164599341242,3.3577940214579307
c18,fractal_2,0.75,-0.38101164599383863,3.3577940214579307
c18,fractal_3,0.0,0.36898835400636604,3.3577940214579307
c18,fractal_3,0.1,0.26898835400619553,3.3577940214579307
c18,fractal_3,0.25,0.1189883540064768,3.3577940214579307
c18,fractal_3,0.5,-0.13101164599341242,3.3577940214579307
c18,fractal_3,0.75,-0.38101164599383863,3.3577940214579307
c18,zigzag,0.0,0.36898835400636604,3.3577940214579307
c18,zigzag,0.1,0.26898835400619553,3.3577940214579307
c18,zigzag,0.25,0.1189883540064768,3.3577940214579307
c18,zigzag,0.5,-0.13101164599341242,3.3577940214579307
c18,zigzag,0.75,-0.38101164599383863,3.3577940214579307
c18,evento,0.0,0.36898835400636604,3.3577940214579307
c18,evento,0.1,0.26898835400619553,3.3577940214579307
c18,evento,0.25,0.1189883540064768,3.3577940214579307
c18,evento,0.5,-0.13101164599341242,3.3577940214579307
c18,evento,0.75,-0.38101164599383863,3.3577940214579307
c19,ext_2,0.0,0.6029436070776083,2.6416466785089905
c19,ext_2,0.1,0.5029436070777262,2.6416466785089905
c19,ext_2,0.25,0.3529436070776289,2.6416466785089905
c19,ext_2,0.5,0.10294360707764952,2.6416466785089905
c19,ext_2,0.75,-0.14705639292232986,2.6416466785089905
c19,ext_3,0.0,0.6029436070776083,2.6416466785089905
c19,ext_3,0.1,0.5029436070777262,2.6416466785089905
c19,ext_3,0.25,0.3529436070776289,2.6416466785089905
c19,ext_3,0.5,0.10294360707764952,2.6416466785089905
c19,ext_3,0.75,-0.14705639292232986,2.6416466785089905
c19,ext_5,0.0,0.5878700169008875,2.6416466785089905
c19,ext_5,0.1,0.48787001690100534,2.6416466785089905
c19,ext_5,0.25,0.33787001690090807,2.6416466785089905
c19,ext_5,0.5,0.08787001690092866,2.6416466785089905
c19,ext_5,0.75,-0.16212998309905072,2.6416466785089905
c19,ext_10,0.0,0.5878700169008875,2.6416466785089905
c19,ext_10,0.1,0.48787001690100534,2.6416466785089905
c19,ext_10,0.25,0.33787001690090807,2.6416466785089905
c19,ext_10,0.5,0.08787001690092866,2.6416466785089905
c19,ext_10,0.75,-0.16212998309905072,2.6416466785089905
c19,fractal_1,0.0,0.5878700169008875,2.6416466785089905
c19,fractal_1,0.1,0.48787001690100534,2.6416466785089905
c19,fractal_1,0.25,0.33787001690090807,2.6416466785089905
c19,fractal_1,0.5,0.08787001690092866,2.6416466785089905
c19,fractal_1,0.75,-0.16212998309905072,2.6416466785089905
c19,fractal_2,0.0,0.5878700169008875,2.6416466785089905
c19,fractal_2,0.1,0.48787001690100534,2.6416466785089905
c19,fractal_2,0.25,0.33787001690090807,2.6416466785089905
c19,fractal_2,0.5,0.08787001690092866,2.6416466785089905
c19,fractal_2,0.75,-0.16212998309905072,2.6416466785089905
c19,fractal_3,0.0,0.5878700169008875,2.6416466785089905
c19,fractal_3,0.1,0.48787001690100534,2.6416466785089905
c19,fractal_3,0.25,0.33787001690090807,2.6416466785089905
c19,fractal_3,0.5,0.08787001690092866,2.6416466785089905
c19,fractal_3,0.75,-0.16212998309905072,2.6416466785089905
c19,zigzag,0.0,NaN,2.6416466785089905
c19,zigzag,0.1,NaN,2.6416466785089905
c19,zigzag,0.25,NaN,2.6416466785089905
c19,zigzag,0.5,NaN,2.6416466785089905
c19,zigzag,0.75,NaN,2.6416466785089905
c19,evento,0.0,0.5878700169008875,2.6416466785089905
c19,evento,0.1,0.48787001690100534,2.6416466785089905
c19,evento,0.25,0.33787001690090807,2.6416466785089905
c19,evento,0.5,0.08787001690092866,2.6416466785089905
c19,evento,0.75,-0.16212998309905072,2.6416466785089905
c20,ext_2,0.0,1.0464465753728993,2.710674863917751
c20,ext_2,0.1,0.9464465753729608,2.710674863917751
c20,ext_2,0.25,0.7964465753728697,2.710674863917751
c20,ext_2,0.5,0.54644657537284,2.710674863917751
c20,ext_2,0.75,0.29644657537281033,2.710674863917751
c20,ext_3,0.0,0.2294617791783006,2.710674863917751
c20,ext_3,0.1,0.12946177917836213,2.710674863917751
c20,ext_3,0.25,-0.020538220821729056,2.710674863917751
c20,ext_3,0.5,-0.2705382208217587,2.710674863917751
c20,ext_3,0.75,-0.5205382208217884,2.710674863917751
c20,ext_5,0.0,-0.3101516355923396,2.710674863917751
c20,ext_5,0.1,-0.4101516355922781,2.710674863917751
c20,ext_5,0.25,-0.5601516355923692,2.710674863917751
c20,ext_5,0.5,-0.8101516355923989,2.710674863917751
c20,ext_5,0.75,-1.0601516355924285,2.710674863917751
c20,ext_10,0.0,-0.3101516355923396,2.710674863917751
c20,ext_10,0.1,-0.4101516355922781,2.710674863917751
c20,ext_10,0.25,-0.5601516355923692,2.710674863917751
c20,ext_10,0.5,-0.8101516355923989,2.710674863917751
c20,ext_10,0.75,-1.0601516355924285,2.710674863917751
c20,fractal_1,0.0,0.2294617791783006,2.710674863917751
c20,fractal_1,0.1,0.12946177917836213,2.710674863917751
c20,fractal_1,0.25,-0.020538220821729056,2.710674863917751
c20,fractal_1,0.5,-0.2705382208217587,2.710674863917751
c20,fractal_1,0.75,-0.5205382208217884,2.710674863917751
c20,fractal_2,0.0,-0.3101516355923396,2.710674863917751
c20,fractal_2,0.1,-0.4101516355922781,2.710674863917751
c20,fractal_2,0.25,-0.5601516355923692,2.710674863917751
c20,fractal_2,0.5,-0.8101516355923989,2.710674863917751
c20,fractal_2,0.75,-1.0601516355924285,2.710674863917751
c20,fractal_3,0.0,-0.3101516355923396,2.710674863917751
c20,fractal_3,0.1,-0.4101516355922781,2.710674863917751
c20,fractal_3,0.25,-0.5601516355923692,2.710674863917751
c20,fractal_3,0.5,-0.8101516355923989,2.710674863917751
c20,fractal_3,0.75,-1.0601516355924285,2.710674863917751
c20,zigzag,0.0,-0.3101516355923396,2.710674863917751
c20,zigzag,0.1,-0.4101516355922781,2.710674863917751
c20,zigzag,0.25,-0.5601516355923692,2.710674863917751
c20,zigzag,0.5,-0.8101516355923989,2.710674863917751
c20,zigzag,0.75,-1.0601516355924285,2.710674863917751
c20,evento,0.0,0.2294617791783006,2.710674863917751
c20,evento,0.1,0.12946177917836213,2.710674863917751
c20,evento,0.25,-0.020538220821729056,2.710674863917751
c20,evento,0.5,-0.2705382208217587,2.710674863917751
c20,evento,0.75,-0.5205382208217884,2.710674863917751
c21,ext_2,0.0,0.2524347999323938,1.7487512227197992
c21,ext_2,0.1,0.15243479993229642,1.7487512227197992
c21,ext_2,0.25,0.0024347999322834185,1.7487512227197992
c21,ext_2,0.5,-0.2475652000675608,1.7487512227197992
c21,ext_2,0.75,-0.49756520006767124,1.7487512227197992
c21,ext_3,0.0,0.2524347999323938,1.7487512227197992
c21,ext_3,0.1,0.15243479993229642,1.7487512227197992
c21,ext_3,0.25,0.0024347999322834185,1.7487512227197992
c21,ext_3,0.5,-0.2475652000675608,1.7487512227197992
c21,ext_3,0.75,-0.49756520006767124,1.7487512227197992
c21,ext_5,0.0,0.15731444053765206,1.7487512227197992
c21,ext_5,0.1,0.05731444053755466,1.7487512227197992
c21,ext_5,0.25,-0.09268555946245835,1.7487512227197992
c21,ext_5,0.5,-0.34268555946230256,1.7487512227197992
c21,ext_5,0.75,-0.592685559462413,1.7487512227197992
c21,ext_10,0.0,0.15731444053765206,1.7487512227197992
c21,ext_10,0.1,0.05731444053755466,1.7487512227197992
c21,ext_10,0.25,-0.09268555946245835,1.7487512227197992
c21,ext_10,0.5,-0.34268555946230256,1.7487512227197992
c21,ext_10,0.75,-0.592685559462413,1.7487512227197992
c21,fractal_1,0.0,0.2524347999323938,1.7487512227197992
c21,fractal_1,0.1,0.15243479993229642,1.7487512227197992
c21,fractal_1,0.25,0.0024347999322834185,1.7487512227197992
c21,fractal_1,0.5,-0.2475652000675608,1.7487512227197992
c21,fractal_1,0.75,-0.49756520006767124,1.7487512227197992
c21,fractal_2,0.0,0.15731444053765206,1.7487512227197992
c21,fractal_2,0.1,0.05731444053755466,1.7487512227197992
c21,fractal_2,0.25,-0.09268555946245835,1.7487512227197992
c21,fractal_2,0.5,-0.34268555946230256,1.7487512227197992
c21,fractal_2,0.75,-0.592685559462413,1.7487512227197992
c21,fractal_3,0.0,0.15731444053765206,1.7487512227197992
c21,fractal_3,0.1,0.05731444053755466,1.7487512227197992
c21,fractal_3,0.25,-0.09268555946245835,1.7487512227197992
c21,fractal_3,0.5,-0.34268555946230256,1.7487512227197992
c21,fractal_3,0.75,-0.592685559462413,1.7487512227197992
c21,zigzag,0.0,0.15731444053765206,1.7487512227197992
c21,zigzag,0.1,0.05731444053755466,1.7487512227197992
c21,zigzag,0.25,-0.09268555946245835,1.7487512227197992
c21,zigzag,0.5,-0.34268555946230256,1.7487512227197992
c21,zigzag,0.75,-0.592685559462413,1.7487512227197992
c21,evento,0.0,0.2524347999323938,1.7487512227197992
c21,evento,0.1,0.15243479993229642,1.7487512227197992
c21,evento,0.25,0.0024347999322834185,1.7487512227197992
c21,evento,0.5,-0.2475652000675608,1.7487512227197992
c21,evento,0.75,-0.49756520006767124,1.7487512227197992
c22,ext_2,0.0,0.15044813677566066,2.028900587374811
c22,ext_2,0.1,0.05044813677551229,2.028900587374811
c22,ext_2,0.25,-0.09955186322439749,2.028900587374811
c22,ext_2,0.5,-0.34955186322445564,2.028900587374811
c22,ext_2,0.75,-0.5995518632242011,2.028900587374811
c22,ext_3,0.0,-1.7881835685335041,2.028900587374811
c22,ext_3,0.1,-1.8881835685336523,2.028900587374811
c22,ext_3,0.25,-2.038183568533562,2.028900587374811
c22,ext_3,0.5,-2.2881835685336203,2.028900587374811
c22,ext_3,0.75,-2.538183568533366,2.028900587374811
c22,ext_5,0.0,-1.7881835685335041,2.028900587374811
c22,ext_5,0.1,-1.8881835685336523,2.028900587374811
c22,ext_5,0.25,-2.038183568533562,2.028900587374811
c22,ext_5,0.5,-2.2881835685336203,2.028900587374811
c22,ext_5,0.75,-2.538183568533366,2.028900587374811
c22,ext_10,0.0,-1.7881835685335041,2.028900587374811
c22,ext_10,0.1,-1.8881835685336523,2.028900587374811
c22,ext_10,0.25,-2.038183568533562,2.028900587374811
c22,ext_10,0.5,-2.2881835685336203,2.028900587374811
c22,ext_10,0.75,-2.538183568533366,2.028900587374811
c22,fractal_1,0.0,-1.7881835685335041,2.028900587374811
c22,fractal_1,0.1,-1.8881835685336523,2.028900587374811
c22,fractal_1,0.25,-2.038183568533562,2.028900587374811
c22,fractal_1,0.5,-2.2881835685336203,2.028900587374811
c22,fractal_1,0.75,-2.538183568533366,2.028900587374811
c22,fractal_2,0.0,-1.7881835685335041,2.028900587374811
c22,fractal_2,0.1,-1.8881835685336523,2.028900587374811
c22,fractal_2,0.25,-2.038183568533562,2.028900587374811
c22,fractal_2,0.5,-2.2881835685336203,2.028900587374811
c22,fractal_2,0.75,-2.538183568533366,2.028900587374811
c22,fractal_3,0.0,1.435705076659224,2.028900587374811
c22,fractal_3,0.1,1.335705076659076,2.028900587374811
c22,fractal_3,0.25,1.1857050766591661,2.028900587374811
c22,fractal_3,0.5,0.9357050766591078,2.028900587374811
c22,fractal_3,0.75,0.6857050766593625,2.028900587374811
c22,zigzag,0.0,-1.7881835685335041,2.028900587374811
c22,zigzag,0.1,-1.8881835685336523,2.028900587374811
c22,zigzag,0.25,-2.038183568533562,2.028900587374811
c22,zigzag,0.5,-2.2881835685336203,2.028900587374811
c22,zigzag,0.75,-2.538183568533366,2.028900587374811
c22,evento,0.0,-1.7881835685335041,2.028900587374811
c22,evento,0.1,-1.8881835685336523,2.028900587374811
c22,evento,0.25,-2.038183568533562,2.028900587374811
c22,evento,0.5,-2.2881835685336203,2.028900587374811
c22,evento,0.75,-2.538183568533366,2.028900587374811
c23,ext_2,0.0,-0.07440076759194175,2.7634570819835353
c23,ext_2,0.1,-0.17440076759198406,2.7634570819835353
c23,ext_2,0.25,-0.3244007675920475,2.7634570819835353
c23,ext_2,0.5,-0.5744007675917666,2.7634570819835353
c23,ext_2,0.75,-0.8244007675918724,2.7634570819835353
c23,ext_3,0.0,-0.31886043253656177,2.7634570819835353
c23,ext_3,0.1,-0.4188604325366041,2.7634570819835353
c23,ext_3,0.25,-0.5688604325366675,2.7634570819835353
c23,ext_3,0.5,-0.8188604325363866,2.7634570819835353
c23,ext_3,0.75,-1.0688604325364925,2.7634570819835353
c23,ext_5,0.0,-0.31886043253656177,2.7634570819835353
c23,ext_5,0.1,-0.4188604325366041,2.7634570819835353
c23,ext_5,0.25,-0.5688604325366675,2.7634570819835353
c23,ext_5,0.5,-0.8188604325363866,2.7634570819835353
c23,ext_5,0.75,-1.0688604325364925,2.7634570819835353
c23,ext_10,0.0,-0.31886043253656177,2.7634570819835353
c23,ext_10,0.1,-0.4188604325366041,2.7634570819835353
c23,ext_10,0.25,-0.5688604325366675,2.7634570819835353
c23,ext_10,0.5,-0.8188604325363866,2.7634570819835353
c23,ext_10,0.75,-1.0688604325364925,2.7634570819835353
c23,fractal_1,0.0,-0.31886043253656177,2.7634570819835353
c23,fractal_1,0.1,-0.4188604325366041,2.7634570819835353
c23,fractal_1,0.25,-0.5688604325366675,2.7634570819835353
c23,fractal_1,0.5,-0.8188604325363866,2.7634570819835353
c23,fractal_1,0.75,-1.0688604325364925,2.7634570819835353
c23,fractal_2,0.0,-0.31886043253656177,2.7634570819835353
c23,fractal_2,0.1,-0.4188604325366041,2.7634570819835353
c23,fractal_2,0.25,-0.5688604325366675,2.7634570819835353
c23,fractal_2,0.5,-0.8188604325363866,2.7634570819835353
c23,fractal_2,0.75,-1.0688604325364925,2.7634570819835353
c23,fractal_3,0.0,1.3232707950268088,2.7634570819835353
c23,fractal_3,0.1,1.2232707950267665,2.7634570819835353
c23,fractal_3,0.25,1.073270795026703,2.7634570819835353
c23,fractal_3,0.5,0.8232707950269839,2.7634570819835353
c23,fractal_3,0.75,0.573270795026878,2.7634570819835353
c23,zigzag,0.0,-0.31886043253656177,2.7634570819835353
c23,zigzag,0.1,-0.4188604325366041,2.7634570819835353
c23,zigzag,0.25,-0.5688604325366675,2.7634570819835353
c23,zigzag,0.5,-0.8188604325363866,2.7634570819835353
c23,zigzag,0.75,-1.0688604325364925,2.7634570819835353
c23,evento,0.0,-0.31886043253656177,2.7634570819835353
c23,evento,0.1,-0.4188604325366041,2.7634570819835353
c23,evento,0.25,-0.5688604325366675,2.7634570819835353
c23,evento,0.5,-0.8188604325363866,2.7634570819835353
c23,evento,0.75,-1.0688604325364925,2.7634570819835353
c24,ext_2,0.0,0.4530741020948796,2.5968881461545
c24,ext_2,0.1,0.35307410209482487,2.5968881461545
c24,ext_2,0.25,0.20307410209494373,2.5968881461545
c24,ext_2,0.5,-0.04692589790499212,2.5968881461545
c24,ext_2,0.75,-0.29692589790492796,2.5968881461545
c24,ext_3,0.0,0.4530741020948796,2.5968881461545
c24,ext_3,0.1,0.35307410209482487,2.5968881461545
c24,ext_3,0.25,0.20307410209494373,2.5968881461545
c24,ext_3,0.5,-0.04692589790499212,2.5968881461545
c24,ext_3,0.75,-0.29692589790492796,2.5968881461545
c24,ext_5,0.0,0.4475488081669717,2.5968881461545
c24,ext_5,0.1,0.34754880816691697,2.5968881461545
c24,ext_5,0.25,0.19754880816703585,2.5968881461545
c24,ext_5,0.5,-0.052451191832900014,2.5968881461545
c24,ext_5,0.75,-0.30245119183283586,2.5968881461545
c24,ext_10,0.0,0.4475488081669717,2.5968881461545
c24,ext_10,0.1,0.34754880816691697,2.5968881461545
c24,ext_10,0.25,0.19754880816703585,2.5968881461545
c24,ext_10,0.5,-0.052451191832900014,2.5968881461545
c24,ext_10,0.75,-0.30245119183283586,2.5968881461545
c24,fractal_1,0.0,1.3150199548609736,2.5968881461545
c24,fractal_1,0.1,1.2150199548609188,2.5968881461545
c24,fractal_1,0.25,1.0650199548610377,2.5968881461545
c24,fractal_1,0.5,0.8150199548611019,2.5968881461545
c24,fractal_1,0.75,0.5650199548611661,2.5968881461545
c24,fractal_2,0.0,1.3150199548609736,2.5968881461545
c24,fractal_2,0.1,1.2150199548609188,2.5968881461545
c24,fractal_2,0.25,1.0650199548610377,2.5968881461545
c24,fractal_2,0.5,0.8150199548611019,2.5968881461545
c24,fractal_2,0.75,0.5650199548611661,2.5968881461545
c24,fractal_3,0.0,0.8232687952703368,2.5968881461545
c24,fractal_3,0.1,0.723268795270282,2.5968881461545
c24,fractal_3,0.25,0.5732687952704009,2.5968881461545
c24,fractal_3,0.5,0.32326879527046504,2.5968881461545
c24,fractal_3,0.75,0.07326879527052917,2.5968881461545
c24,zigzag,0.0,0.4475488081669717,2.5968881461545
c24,zigzag,0.1,0.34754880816691697,2.5968881461545
c24,zigzag,0.25,0.19754880816703585,2.5968881461545
c24,zigzag,0.5,-0.052451191832900014,2.5968881461545
c24,zigzag,0.75,-0.30245119183283586,2.5968881461545
c24,evento,0.0,0.4530741020948796,2.5968881461545
c24,evento,0.1,0.35307410209482487,2.5968881461545
c24,evento,0.25,0.20307410209494373,2.5968881461545
c24,evento,0.5,-0.04692589790499212,2.5968881461545
c24,evento,0.75,-0.29692589790492796,2.5968881461545
c25,ext_2,0.0,0.6723479442271608,2.329664214392155
c25,ext_2,0.1,0.5723479442271934,2.329664214392155
c25,ext_2,0.25,0.4223479442271644,2.329664214392155
c25,ext_2,0.5,0.172347944227168,2.329664214392155
c25,ext_2,0.75,-0.07765205577282838,2.329664214392155
c25,ext_3,0.0,0.6723479442271608,2.329664214392155
c25,ext_3,0.1,0.5723479442271934,2.329664214392155
c25,ext_3,0.25,0.4223479442271644,2.329664214392155
c25,ext_3,0.5,0.172347944227168,2.329664214392155
c25,ext_3,0.75,-0.07765205577282838,2.329664214392155
c25,ext_5,0.0,0.6145345859656546,2.329664214392155
c25,ext_5,0.1,0.5145345859656872,2.329664214392155
c25,ext_5,0.25,0.36453458596565824,2.329664214392155
c25,ext_5,0.5,0.11453458596566185,2.329664214392155
c25,ext_5,0.75,-0.13546541403433454,2.329664214392155
c25,ext_10,0.0,0.6145345859656546,2.329664214392155
c25,ext_10,0.1,0.5145345859656872,2.329664214392155
c25,ext_10,0.25,0.36453458596565824,2.329664214392155
c25,ext_10,0.5,0.11453458596566185,2.329664214392155
c25,ext_10,0.75,-0.13546541403433454,2.329664214392155
c25,fractal_1,0.0,0.6145345859656546,2.329664214392155
c25,fractal_1,0.1,0.5145345859656872,2.329664214392155
c25,fractal_1,0.25,0.36453458596565824,2.329664214392155
c25,fractal_1,0.5,0.11453458596566185,2.329664214392155
c25,fractal_1,0.75,-0.13546541403433454,2.329664214392155
c25,fractal_2,0.0,0.6145345859656546,2.329664214392155
c25,fractal_2,0.1,0.5145345859656872,2.329664214392155
c25,fractal_2,0.25,0.36453458596565824,2.329664214392155
c25,fractal_2,0.5,0.11453458596566185,2.329664214392155
c25,fractal_2,0.75,-0.13546541403433454,2.329664214392155
c25,fractal_3,0.0,0.6145345859656546,2.329664214392155
c25,fractal_3,0.1,0.5145345859656872,2.329664214392155
c25,fractal_3,0.25,0.36453458596565824,2.329664214392155
c25,fractal_3,0.5,0.11453458596566185,2.329664214392155
c25,fractal_3,0.75,-0.13546541403433454,2.329664214392155
c25,zigzag,0.0,0.6145345859656546,2.329664214392155
c25,zigzag,0.1,0.5145345859656872,2.329664214392155
c25,zigzag,0.25,0.36453458596565824,2.329664214392155
c25,zigzag,0.5,0.11453458596566185,2.329664214392155
c25,zigzag,0.75,-0.13546541403433454,2.329664214392155
c25,evento,0.0,0.6723479442271608,2.329664214392155
c25,evento,0.1,0.5723479442271934,2.329664214392155
c25,evento,0.25,0.4223479442271644,2.329664214392155
c25,evento,0.5,0.172347944227168,2.329664214392155
c25,evento,0.75,-0.07765205577282838,2.329664214392155
c26,ext_2,0.0,0.6408543714883085,1.61114392189417
c26,ext_2,0.1,0.5408543714883616,1.61114392189417
c26,ext_2,0.25,0.39085437148825386,1.61114392189417
c26,ext_2,0.5,0.14085437148838648,1.61114392189417
c26,ext_2,0.75,-0.10914562851166816,1.61114392189417
c26,ext_3,0.0,0.6408543714883085,1.61114392189417
c26,ext_3,0.1,0.5408543714883616,1.61114392189417
c26,ext_3,0.25,0.39085437148825386,1.61114392189417
c26,ext_3,0.5,0.14085437148838648,1.61114392189417
c26,ext_3,0.75,-0.10914562851166816,1.61114392189417
c26,ext_5,0.0,0.6408543714883085,1.61114392189417
c26,ext_5,0.1,0.5408543714883616,1.61114392189417
c26,ext_5,0.25,0.39085437148825386,1.61114392189417
c26,ext_5,0.5,0.14085437148838648,1.61114392189417
c26,ext_5,0.75,-0.10914562851166816,1.61114392189417
c26,ext_10,0.0,0.6408543714883085,1.61114392189417
c26,ext_10,0.1,0.5408543714883616,1.61114392189417
c26,ext_10,0.25,0.39085437148825386,1.61114392189417
c26,ext_10,0.5,0.14085437148838648,1.61114392189417
c26,ext_10,0.75,-0.10914562851166816,1.61114392189417
c26,fractal_1,0.0,0.6408543714883085,1.61114392189417
c26,fractal_1,0.1,0.5408543714883616,1.61114392189417
c26,fractal_1,0.25,0.39085437148825386,1.61114392189417
c26,fractal_1,0.5,0.14085437148838648,1.61114392189417
c26,fractal_1,0.75,-0.10914562851166816,1.61114392189417
c26,fractal_2,0.0,0.6460017961588221,1.61114392189417
c26,fractal_2,0.1,0.5460017961588751,1.61114392189417
c26,fractal_2,0.25,0.39600179615876746,1.61114392189417
c26,fractal_2,0.5,0.14600179615890008,1.61114392189417
c26,fractal_2,0.75,-0.10399820384115455,1.61114392189417
c26,fractal_3,0.0,-0.612543535800109,1.61114392189417
c26,fractal_3,0.1,-0.712543535800056,1.61114392189417
c26,fractal_3,0.25,-0.8625435358001637,1.61114392189417
c26,fractal_3,0.5,-1.112543535800031,1.61114392189417
c26,fractal_3,0.75,-1.3625435358000857,1.61114392189417
c26,zigzag,0.0,0.6408543714883085,1.61114392189417
c26,zigzag,0.1,0.5408543714883616,1.61114392189417
c26,zigzag,0.25,0.39085437148825386,1.61114392189417
c26,zigzag,0.5,0.14085437148838648,1.61114392189417
c26,zigzag,0.75,-0.10914562851166816,1.61114392189417
c26,evento,0.0,0.6408543714883085,1.61114392189417
c26,evento,0.1,0.5408543714883616,1.61114392189417
c26,evento,0.25,0.39085437148825386,1.61114392189417
c26,evento,0.5,0.14085437148838648,1.61114392189417
c26,evento,0.75,-0.10914562851166816,1.61114392189417
c27,ext_2,0.0,0.6781479702979882,2.001762081000086
c27,ext_2,0.1,0.5781479702980428,2.001762081000086
c27,ext_2,0.25,0.42814797029794616,2.001762081000086
c27,ext_2,0.5,0.17814797029802298,2.001762081000086
c27,ext_2,0.75,-0.07185202970201911,2.001762081000086
c27,ext_3,0.0,-0.16831142395352416,2.001762081000086
c27,ext_3,0.1,-0.2683114239534697,2.001762081000086
c27,ext_3,0.25,-0.41831142395356624,2.001762081000086
c27,ext_3,0.5,-0.6683114239534894,2.001762081000086
c27,ext_3,0.75,-0.9183114239535315,2.001762081000086
c27,ext_5,0.0,-0.16831142395352416,2.001762081000086
c27,ext_5,0.1,-0.2683114239534697,2.001762081000086
c27,ext_5,0.25,-0.41831142395356624,2.001762081000086
c27,ext_5,0.5,-0.6683114239534894,2.001762081000086
c27,ext_5,0.75,-0.9183114239535315,2.001762081000086
c27,ext_10,0.0,-0.16831142395352416,2.001762081000086
c27,ext_10,0.1,-0.2683114239534697,2.001762081000086
c27,ext_10,0.25,-0.41831142395356624,2.001762081000086
c27,ext_10,0.5,-0.6683114239534894,2.001762081000086
c27,ext_10,0.75,-0.9183114239535315,2.001762081000086
c27,fractal_1,0.0,-0.16831142395352416,2.001762081000086
c27,fractal_1,0.1,-0.2683114239534697,2.001762081000086
c27,fractal_1,0.25,-0.41831142395356624,2.001762081000086
c27,fractal_1,0.5,-0.6683114239534894,2.001762081000086
c27,fractal_1,0.75,-0.9183114239535315,2.001762081000086
c27,fractal_2,0.0,-0.16831142395352416,2.001762081000086
c27,fractal_2,0.1,-0.2683114239534697,2.001762081000086
c27,fractal_2,0.25,-0.41831142395356624,2.001762081000086
c27,fractal_2,0.5,-0.6683114239534894,2.001762081000086
c27,fractal_2,0.75,-0.9183114239535315,2.001762081000086
c27,fractal_3,0.0,-0.017975006441609643,2.001762081000086
c27,fractal_3,0.1,-0.11797500644155515,2.001762081000086
c27,fractal_3,0.25,-0.26797500644165173,2.001762081000086
c27,fractal_3,0.5,-0.5179750064415749,2.001762081000086
c27,fractal_3,0.75,-0.767975006441617,2.001762081000086
c27,zigzag,0.0,-0.16831142395352416,2.001762081000086
c27,zigzag,0.1,-0.2683114239534697,2.001762081000086
c27,zigzag,0.25,-0.41831142395356624,2.001762081000086
c27,zigzag,0.5,-0.6683114239534894,2.001762081000086
c27,zigzag,0.75,-0.9183114239535315,2.001762081000086
c27,evento,0.0,-0.16831142395352416,2.001762081000086
c27,evento,0.1,-0.2683114239534697,2.001762081000086
c27,evento,0.25,-0.41831142395356624,2.001762081000086
c27,evento,0.5,-0.6683114239534894,2.001762081000086
c27,evento,0.75,-0.9183114239535315,2.001762081000086
c28,ext_2,0.0,2.0531258322167827,3.5756386246788
c28,ext_2,0.1,1.953125832216776,3.5756386246788
c28,ext_2,0.25,1.8031258322168626,3.5756386246788
c28,ext_2,0.5,1.5531258322167485,3.5756386246788
c28,ext_2,0.75,1.3031258322168284,3.5756386246788
c28,ext_3,0.0,1.821149277148211,3.5756386246788
c28,ext_3,0.1,1.7211492771482042,3.5756386246788
c28,ext_3,0.25,1.571149277148291,3.5756386246788
c28,ext_3,0.5,1.3211492771481768,3.5756386246788
c28,ext_3,0.75,1.0711492771482565,3.5756386246788
c28,ext_5,0.0,-0.5972729693721938,3.5756386246788
c28,ext_5,0.1,-0.6972729693722006,3.5756386246788
c28,ext_5,0.25,-0.8472729693721139,3.5756386246788
c28,ext_5,0.5,-1.097272969372228,3.5756386246788
c28,ext_5,0.75,-1.3472729693721484,3.5756386246788
c28,ext_10,0.0,-0.5972729693721938,3.5756386246788
c28,ext_10,0.1,-0.6972729693722006,3.5756386246788
c28,ext_10,0.25,-0.8472729693721139,3.5756386246788
c28,ext_10,0.5,-1.097272969372228,3.5756386246788
c28,ext_10,0.75,-1.3472729693721484,3.5756386246788
c28,fractal_1,0.0,-0.5972729693721938,3.5756386246788
c28,fractal_1,0.1,-0.6972729693722006,3.5756386246788
c28,fractal_1,0.25,-0.8472729693721139,3.5756386246788
c28,fractal_1,0.5,-1.097272969372228,3.5756386246788
c28,fractal_1,0.75,-1.3472729693721484,3.5756386246788
c28,fractal_2,0.0,-0.5972729693721938,3.5756386246788
c28,fractal_2,0.1,-0.6972729693722006,3.5756386246788
c28,fractal_2,0.25,-0.8472729693721139,3.5756386246788
c28,fractal_2,0.5,-1.097272969372228,3.5756386246788
c28,fractal_2,0.75,-1.3472729693721484,3.5756386246788
c28,fractal_3,0.0,-0.5972729693721938,3.5756386246788
c28,fractal_3,0.1,-0.6972729693722006,3.5756386246788
c28,fractal_3,0.25,-0.8472729693721139,3.5756386246788
c28,fractal_3,0.5,-1.097272969372228,3.5756386246788
c28,fractal_3,0.75,-1.3472729693721484,3.5756386246788
c28,zigzag,0.0,-0.5972729693721938,3.5756386246788
c28,zigzag,0.1,-0.6972729693722006,3.5756386246788
c28,zigzag,0.25,-0.8472729693721139,3.5756386246788
c28,zigzag,0.5,-1.097272969372228,3.5756386246788
c28,zigzag,0.75,-1.3472729693721484,3.5756386246788
c28,evento,0.0,-0.5972729693721938,3.5756386246788
c28,evento,0.1,-0.6972729693722006,3.5756386246788
c28,evento,0.25,-0.8472729693721139,3.5756386246788
c28,evento,0.5,-1.097272969372228,3.5756386246788
c28,evento,0.75,-1.3472729693721484,3.5756386246788
c29,ext_2,0.0,2.3266689480555356,3.278488063168568
c29,ext_2,0.1,2.2266689480554085,3.278488063168568
c29,ext_2,0.25,2.076668948055788,3.278488063168568
c29,ext_2,0.5,1.8266689480554705,3.278488063168568
c29,ext_2,0.75,1.576668948055723,3.278488063168568
c29,ext_3,0.0,1.9310568878641046,3.278488063168568
c29,ext_3,0.1,1.8310568878639777,3.278488063168568
c29,ext_3,0.25,1.681056887864357,3.278488063168568
c29,ext_3,0.5,1.4310568878640395,3.278488063168568
c29,ext_3,0.75,1.181056887864292,3.278488063168568
c29,ext_5,0.0,1.9310568878641046,3.278488063168568
c29,ext_5,0.1,1.8310568878639777,3.278488063168568
c29,ext_5,0.25,1.681056887864357,3.278488063168568
c29,ext_5,0.5,1.4310568878640395,3.278488063168568
c29,ext_5,0.75,1.181056887864292,3.278488063168568
c29,ext_10,0.0,0.1292593860031803,3.278488063168568
c29,ext_10,0.1,0.029259386003053296,3.278488063168568
c29,ext_10,0.25,-0.12074061399656723,3.278488063168568
c29,ext_10,0.5,-0.37074061399688474,3.278488063168568
c29,ext_10,0.75,-0.6207406139966323,3.278488063168568
c29,fractal_1,0.0,1.9310568878641046,3.278488063168568
c29,fractal_1,0.1,1.8310568878639777,3.278488063168568
c29,fractal_1,0.25,1.681056887864357,3.278488063168568
c29,fractal_1,0.5,1.4310568878640395,3.278488063168568
c29,fractal_1,0.75,1.181056887864292,3.278488063168568
c29,fractal_2,0.0,1.9310568878641046,3.278488063168568
c29,fractal_2,0.1,1.8310568878639777,3.278488063168568
c29,fractal_2,0.25,1.681056887864357,3.278488063168568
c29,fractal_2,0.5,1.4310568878640395,3.278488063168568
c29,fractal_2,0.75,1.181056887864292,3.278488063168568
c29,fractal_3,0.0,0.1292593860031803,3.278488063168568
c29,fractal_3,0.1,0.029259386003053296,3.278488063168568
c29,fractal_3,0.25,-0.12074061399656723,3.278488063168568
c29,fractal_3,0.5,-0.37074061399688474,3.278488063168568
c29,fractal_3,0.75,-0.6207406139966323,3.278488063168568
c29,zigzag,0.0,1.9310568878641046,3.278488063168568
c29,zigzag,0.1,1.8310568878639777,3.278488063168568
c29,zigzag,0.25,1.681056887864357,3.278488063168568
c29,zigzag,0.5,1.4310568878640395,3.278488063168568
c29,zigzag,0.75,1.181056887864292,3.278488063168568
c29,evento,0.0,1.9310568878641046,3.278488063168568
c29,evento,0.1,1.8310568878639777,3.278488063168568
c29,evento,0.25,1.681056887864357,3.278488063168568
c29,evento,0.5,1.4310568878640395,3.278488063168568
c29,evento,0.75,1.181056887864292,3.278488063168568
c30,ext_2,0.0,1.6245789094018916,3.648495651283383
c30,ext_2,0.1,1.5245789094018987,3.648495651283383
c30,ext_2,0.25,1.3745789094019092,3.648495651283383
c30,ext_2,0.5,1.124578909401927,3.648495651283383
c30,ext_2,0.75,0.8745789094019445,3.648495651283383
c30,ext_3,0.0,0.2904275145297774,3.648495651283383
c30,ext_3,0.1,0.19042751452978446,3.648495651283383
c30,ext_3,0.25,0.04042751452979502,3.648495651283383
c30,ext_3,0.5,-0.20957248547018736,3.648495651283383
c30,ext_3,0.75,-0.45957248547016977,3.648495651283383
c30,ext_5,0.0,0.2904275145297774,3.648495651283383
c30,ext_5,0.1,0.19042751452978446,3.648495651283383
c30,ext_5,0.25,0.04042751452979502,3.648495651283383
c30,ext_5,0.5,-0.20957248547018736,3.648495651283383
c30,ext_5,0.75,-0.45957248547016977,3.648495651283383
c30,ext_10,0.0,0.2904275145297774,3.648495651283383
c30,ext_10,0.1,0.19042751452978446,3.648495651283383
c30,ext_10,0.25,0.04042751452979502,3.648495651283383
c30,ext_10,0.5,-0.20957248547018736,3.648495651283383
c30,ext_10,0.75,-0.45957248547016977,3.648495651283383
c30,fractal_1,0.0,0.4537929914531899,3.648495651283383
c30,fractal_1,0.1,0.353792991453197,3.648495651283383
c30,fractal_1,0.25,0.20379299145320753,3.648495651283383
c30,fractal_1,0.5,-0.046207008546774855,3.648495651283383
c30,fractal_1,0.75,-0.29620700854675724,3.648495651283383
c30,fractal_2,0.0,3.4669784547021067,3.648495651283383
c30,fractal_2,0.1,3.3669784547021138,3.648495651283383
c30,fractal_2,0.25,3.2169784547021245,3.648495651283383
c30,fractal_2,0.5,2.9669784547021423,3.648495651283383
c30,fractal_2,0.75,2.7169784547021596,3.648495651283383
c30,fractal_3,0.0,3.2219302393176483,3.648495651283383
c30,fractal_3,0.1,3.1219302393176553,3.648495651283383
c30,fractal_3,0.25,2.971930239317666,3.648495651283383
c30,fractal_3,0.5,2.721930239317684,3.648495651283383
c30,fractal_3,0.75,2.471930239317701,3.648495651283383
c30,zigzag,0.0,0.2904275145297774,3.648495651283383
c30,zigzag,0.1,0.19042751452978446,3.648495651283383
c30,zigzag,0.25,0.04042751452979502,3.648495651283383
c30,zigzag,0.5,-0.20957248547018736,3.648495651283383
c30,zigzag,0.75,-0.45957248547016977,3.648495651283383
c30,evento,0.0,0.2904275145297774,3.648495651283383
c30,evento,0.1,0.19042751452978446,3.648495651283383
c30,evento,0.25,0.04042751452979502,3.648495651283383
c30,evento,0.5,-0.20957248547018736,3.648495651283383
c30,evento,0.75,-0.45957248547016977,3.648495651283383
c35,ext_2,0.0,0.6865499952503853,1.9615714150011776
c35,ext_2,0.1,0.5865499952503936,1.9615714150011776
c35,ext_2,0.25,0.43654999525033883,1.9615714150011776
c35,ext_2,0.5,0.1865499952504271,1.9615714150011776
c35,ext_2,0.75,-0.06345000474961933,1.9615714150011776
c35,ext_3,0.0,0.6865499952503853,1.9615714150011776
c35,ext_3,0.1,0.5865499952503936,1.9615714150011776
c35,ext_3,0.25,0.43654999525033883,1.9615714150011776
c35,ext_3,0.5,0.1865499952504271,1.9615714150011776
c35,ext_3,0.75,-0.06345000474961933,1.9615714150011776
c35,ext_5,0.0,0.02035592977828718,1.9615714150011776
c35,ext_5,0.1,-0.07964407022170446,1.9615714150011776
c35,ext_5,0.25,-0.22964407022175923,1.9615714150011776
c35,ext_5,0.5,-0.479644070221671,1.9615714150011776
c35,ext_5,0.75,-0.7296440702217174,1.9615714150011776
c35,ext_10,0.0,0.02035592977828718,1.9615714150011776
c35,ext_10,0.1,-0.07964407022170446,1.9615714150011776
c35,ext_10,0.25,-0.22964407022175923,1.9615714150011776
c35,ext_10,0.5,-0.479644070221671,1.9615714150011776
c35,ext_10,0.75,-0.7296440702217174,1.9615714150011776
c35,fractal_1,0.0,0.02035592977828718,1.9615714150011776
c35,fractal_1,0.1,-0.07964407022170446,1.9615714150011776
c35,fractal_1,0.25,-0.22964407022175923,1.9615714150011776
c35,fractal_1,0.5,-0.479644070221671,1.9615714150011776
c35,fractal_1,0.75,-0.7296440702217174,1.9615714150011776
c35,fractal_2,0.0,0.02035592977828718,1.9615714150011776
c35,fractal_2,0.1,-0.07964407022170446,1.9615714150011776
c35,fractal_2,0.25,-0.22964407022175923,1.9615714150011776
c35,fractal_2,0.5,-0.479644070221671,1.9615714150011776
c35,fractal_2,0.75,-0.7296440702217174,1.9615714150011776
c35,fractal_3,0.0,0.02035592977828718,1.9615714150011776
c35,fractal_3,0.1,-0.07964407022170446,1.9615714150011776
c35,fractal_3,0.25,-0.22964407022175923,1.9615714150011776
c35,fractal_3,0.5,-0.479644070221671,1.9615714150011776
c35,fractal_3,0.75,-0.7296440702217174,1.9615714150011776
c35,zigzag,0.0,0.02035592977828718,1.9615714150011776
c35,zigzag,0.1,-0.07964407022170446,1.9615714150011776
c35,zigzag,0.25,-0.22964407022175923,1.9615714150011776
c35,zigzag,0.5,-0.479644070221671,1.9615714150011776
c35,zigzag,0.75,-0.7296440702217174,1.9615714150011776
c35,evento,0.0,0.6865499952503853,1.9615714150011776
c35,evento,0.1,0.5865499952503936,1.9615714150011776
c35,evento,0.25,0.43654999525033883,1.9615714150011776
c35,evento,0.5,0.1865499952504271,1.9615714150011776
c35,evento,0.75,-0.06345000474961933,1.9615714150011776
c36,ext_2,0.0,0.319400129090503,1.967980919612765
c36,ext_2,0.1,0.21940012909061501,1.967980919612765
c36,ext_2,0.25,0.06940012909049434,1.967980919612765
c36,ext_2,0.5,-0.18059987090951435,1.967980919612765
c36,ext_2,0.75,-0.430599870909523,1.967980919612765
c36,ext_3,0.0,0.24202991148458375,1.967980919612765
c36,ext_3,0.1,0.14202991148469574,1.967980919612765
c36,ext_3,0.25,-0.007970088515424927,1.967980919612765
c36,ext_3,0.5,-0.25797008851543357,1.967980919612765
c36,ext_3,0.75,-0.5079700885154422,1.967980919612765
c36,ext_5,0.0,0.24202991148458375,1.967980919612765
c36,ext_5,0.1,0.14202991148469574,1.967980919612765
c36,ext_5,0.25,-0.007970088515424927,1.967980919612765
c36,ext_5,0.5,-0.25797008851543357,1.967980919612765
c36,ext_5,0.75,-0.5079700885154422,1.967980919612765
c36,ext_10,0.0,0.24202991148458375,1.967980919612765
c36,ext_10,0.1,0.14202991148469574,1.967980919612765
c36,ext_10,0.25,-0.007970088515424927,1.967980919612765
c36,ext_10,0.5,-0.25797008851543357,1.967980919612765
c36,ext_10,0.75,-0.5079700885154422,1.967980919612765
c36,fractal_1,0.0,0.24202991148458375,1.967980919612765
c36,fractal_1,0.1,0.14202991148469574,1.967980919612765
c36,fractal_1,0.25,-0.007970088515424927,1.967980919612765
c36,fractal_1,0.5,-0.25797008851543357,1.967980919612765
c36,fractal_1,0.75,-0.5079700885154422,1.967980919612765
c36,fractal_2,0.0,0.24202991148458375,1.967980919612765
c36,fractal_2,0.1,0.14202991148469574,1.967980919612765
c36,fractal_2,0.25,-0.007970088515424927,1.967980919612765
c36,fractal_2,0.5,-0.25797008851543357,1.967980919612765
c36,fractal_2,0.75,-0.5079700885154422,1.967980919612765
c36,fractal_3,0.0,0.8530562453966872,1.967980919612765
c36,fractal_3,0.1,0.7530562453967992,1.967980919612765
c36,fractal_3,0.25,0.6030562453966785,1.967980919612765
c36,fractal_3,0.5,0.35305624539666985,1.967980919612765
c36,fractal_3,0.75,0.10305624539666117,1.967980919612765
c36,zigzag,0.0,0.24202991148458375,1.967980919612765
c36,zigzag,0.1,0.14202991148469574,1.967980919612765
c36,zigzag,0.25,-0.007970088515424927,1.967980919612765
c36,zigzag,0.5,-0.25797008851543357,1.967980919612765
c36,zigzag,0.75,-0.5079700885154422,1.967980919612765
c36,evento,0.0,0.24202991148458375,1.967980919612765
c36,evento,0.1,0.14202991148469574,1.967980919612765
c36,evento,0.25,-0.007970088515424927,1.967980919612765
c36,evento,0.5,-0.25797008851543357,1.967980919612765
c36,evento,0.75,-0.5079700885154422,1.967980919612765
c38,ext_2,0.0,-0.43368922034921037,2.7812209205469904
c38,ext_2,0.1,-0.5336892203491371,2.7812209205469904
c38,ext_2,0.25,-0.6836892203493411,2.7812209205469904
c38,ext_2,0.5,-0.9336892203491579,2.7812209205469904
c38,ext_2,0.75,-1.1836892203492886,2.7812209205469904
c38,ext_3,0.0,-0.43368922034921037,2.7812209205469904
c38,ext_3,0.1,-0.5336892203491371,2.7812209205469904
c38,ext_3,0.25,-0.6836892203493411,2.7812209205469904
c38,ext_3,0.5,-0.9336892203491579,2.7812209205469904
c38,ext_3,0.75,-1.1836892203492886,2.7812209205469904
c38,ext_5,0.0,-0.43368922034921037,2.7812209205469904
c38,ext_5,0.1,-0.5336892203491371,2.7812209205469904
c38,ext_5,0.25,-0.6836892203493411,2.7812209205469904
c38,ext_5,0.5,-0.9336892203491579,2.7812209205469904
c38,ext_5,0.75,-1.1836892203492886,2.7812209205469904
c38,ext_10,0.0,-0.43368922034921037,2.7812209205469904
c38,ext_10,0.1,-0.5336892203491371,2.7812209205469904
c38,ext_10,0.25,-0.6836892203493411,2.7812209205469904
c38,ext_10,0.5,-0.9336892203491579,2.7812209205469904
c38,ext_10,0.75,-1.1836892203492886,2.7812209205469904
c38,fractal_1,0.0,-0.43368922034921037,2.7812209205469904
c38,fractal_1,0.1,-0.5336892203491371,2.7812209205469904
c38,fractal_1,0.25,-0.6836892203493411,2.7812209205469904
c38,fractal_1,0.5,-0.9336892203491579,2.7812209205469904
c38,fractal_1,0.75,-1.1836892203492886,2.7812209205469904
c38,fractal_2,0.0,1.1047208000931283,2.7812209205469904
c38,fractal_2,0.1,1.0047208000932015,2.7812209205469904
c38,fractal_2,0.25,0.8547208000929976,2.7812209205469904
c38,fractal_2,0.5,0.6047208000931809,2.7812209205469904
c38,fractal_2,0.75,0.3547208000930501,2.7812209205469904
c38,fractal_3,0.0,0.5458874266082984,2.7812209205469904
c38,fractal_3,0.1,0.44588742660837166,2.7812209205469904
c38,fractal_3,0.25,0.2958874266081676,2.7812209205469904
c38,fractal_3,0.5,0.04588742660835085,2.7812209205469904
c38,fractal_3,0.75,-0.20411257339177988,2.7812209205469904
c38,zigzag,0.0,-0.43368922034921037,2.7812209205469904
c38,zigzag,0.1,-0.5336892203491371,2.7812209205469904
c38,zigzag,0.25,-0.6836892203493411,2.7812209205469904
c38,zigzag,0.5,-0.9336892203491579,2.7812209205469904
c38,zigzag,0.75,-1.1836892203492886,2.7812209205469904
c38,evento,0.0,-0.43368922034921037,2.7812209205469904
c38,evento,0.1,-0.5336892203491371,2.7812209205469904
c38,evento,0.25,-0.6836892203493411,2.7812209205469904
c38,evento,0.5,-0.9336892203491579,2.7812209205469904
c38,evento,0.75,-1.1836892203492886,2.7812209205469904
c40,ext_2,0.0,0.2675603160065545,2.649968638771872
c40,ext_2,0.1,0.1675603160065287,2.649968638771872
c40,ext_2,0.25,0.017560316006606628,2.649968638771872
c40,ext_2,0.5,-0.23243968399334122,2.649968638771872
c40,ext_2,0.75,-0.4824396839935222,2.649968638771872
c40,ext_3,0.0,0.2675603160065545,2.649968638771872
c40,ext_3,0.1,0.1675603160065287,2.649968638771872
c40,ext_3,0.25,0.017560316006606628,2.649968638771872
c40,ext_3,0.5,-0.23243968399334122,2.649968638771872
c40,ext_3,0.75,-0.4824396839935222,2.649968638771872
c40,ext_5,0.0,0.2675603160065545,2.649968638771872
c40,ext_5,0.1,0.1675603160065287,2.649968638771872
c40,ext_5,0.25,0.017560316006606628,2.649968638771872
c40,ext_5,0.5,-0.23243968399334122,2.649968638771872
c40,ext_5,0.75,-0.4824396839935222,2.649968638771872
c40,ext_10,0.0,0.2675603160065545,2.649968638771872
c40,ext_10,0.1,0.1675603160065287,2.649968638771872
c40,ext_10,0.25,0.017560316006606628,2.649968638771872
c40,ext_10,0.5,-0.23243968399334122,2.649968638771872
c40,ext_10,0.75,-0.4824396839935222,2.649968638771872
c40,fractal_1,0.0,0.2675603160065545,2.649968638771872
c40,fractal_1,0.1,0.1675603160065287,2.649968638771872
c40,fractal_1,0.25,0.017560316006606628,2.649968638771872
c40,fractal_1,0.5,-0.23243968399334122,2.649968638771872
c40,fractal_1,0.75,-0.4824396839935222,2.649968638771872
c40,fractal_2,0.0,0.7273795417184511,2.649968638771872
c40,fractal_2,0.1,0.6273795417184254,2.649968638771872
c40,fractal_2,0.25,0.4773795417185032,2.649968638771872
c40,fractal_2,0.5,0.22737954171855537,2.649968638771872
c40,fractal_2,0.75,-0.022620458281625632,2.649968638771872
c40,fractal_3,0.0,0.7273795417184511,2.649968638771872
c40,fractal_3,0.1,0.6273795417184254,2.649968638771872
c40,fractal_3,0.25,0.4773795417185032,2.649968638771872
c40,fractal_3,0.5,0.22737954171855537,2.649968638771872
c40,fractal_3,0.75,-0.022620458281625632,2.649968638771872
c40,zigzag,0.0,0.2675603160065545,2.649968638771872
c40,zigzag,0.1,0.1675603160065287,2.649968638771872
c40,zigzag,0.25,0.017560316006606628,2.649968638771872
c40,zigzag,0.5,-0.23243968399334122,2.649968638771872
c40,zigzag,0.75,-0.4824396839935222,2.649968638771872
c40,evento,0.0,0.2675603160065545,2.649968638771872
c40,evento,0.1,0.1675603160065287,2.649968638771872
c40,evento,0.25,0.017560316006606628,2.649968638771872
c40,evento,0.5,-0.23243968399334122,2.649968638771872
c40,evento,0.75,-0.4824396839935222,2.649968638771872
c01,ext_2,0.0,0.9280213346689861,3.541067856948199
c01,ext_2,0.1,0.8280213346690094,3.541067856948199
c01,ext_2,0.25,0.6780213346690138,3.541067856948199
c01,ext_2,0.5,0.4280213346689805,3.541067856948199
c01,ext_2,0.75,0.17802133466900819,3.541067856948199
c01,ext_3,0.0,0.9280213346689861,3.541067856948199
c01,ext_3,0.1,0.8280213346690094,3.541067856948199
c01,ext_3,0.25,0.6780213346690138,3.541067856948199
c01,ext_3,0.5,0.4280213346689805,3.541067856948199
c01,ext_3,0.75,0.17802133466900819,3.541067856948199
c01,ext_5,0.0,0.423352099374724,3.541067856948199
c01,ext_5,0.1,0.3233520993747473,3.541067856948199
c01,ext_5,0.25,0.1733520993747517,3.541067856948199
c01,ext_5,0.5,-0.07664790062528158,3.541067856948199
c01,ext_5,0.75,-0.3266479006252539,3.541067856948199
c01,ext_10,0.0,0.07628720998632421,3.541067856948199
c01,ext_10,0.1,-0.023712790013652514,3.541067856948199
c01,ext_10,0.25,-0.1737127900136481,3.541067856948199
c01,ext_10,0.5,-0.4237127900136814,3.541067856948199
c01,ext_10,0.75,-0.6737127900136537,3.541067856948199
c01,fractal_1,0.0,0.9280213346689861,3.541067856948199
c01,fractal_1,0.1,0.8280213346690094,3.541067856948199
c01,fractal_1,0.25,0.6780213346690138,3.541067856948199
c01,fractal_1,0.5,0.4280213346689805,3.541067856948199
c01,fractal_1,0.75,0.17802133466900819,3.541067856948199
c01,fractal_2,0.0,0.07628720998632421,3.541067856948199
c01,fractal_2,0.1,-0.023712790013652514,3.541067856948199
c01,fractal_2,0.25,-0.1737127900136481,3.541067856948199
c01,fractal_2,0.5,-0.4237127900136814,3.541067856948199
c01,fractal_2,0.75,-0.6737127900136537,3.541067856948199
c01,fractal_3,0.0,0.07628720998632421,3.541067856948199
c01,fractal_3,0.1,-0.023712790013652514,3.541067856948199
c01,fractal_3,0.25,-0.1737127900136481,3.541067856948199
c01,fractal_3,0.5,-0.4237127900136814,3.541067856948199
c01,fractal_3,0.75,-0.6737127900136537,3.541067856948199
c01,zigzag,0.0,0.07628720998632421,3.541067856948199
c01,zigzag,0.1,-0.023712790013652514,3.541067856948199
c01,zigzag,0.25,-0.1737127900136481,3.541067856948199
c01,zigzag,0.5,-0.4237127900136814,3.541067856948199
c01,zigzag,0.75,-0.6737127900136537,3.541067856948199
c01,evento,0.0,0.07628720998632421,3.541067856948199
c01,evento,0.1,-0.023712790013652514,3.541067856948199
c01,evento,0.25,-0.1737127900136481,3.541067856948199
c01,evento,0.5,-0.4237127900136814,3.541067856948199
c01,evento,0.75,-0.6737127900136537,3.541067856948199
c02,ext_2,0.0,0.5204394497269872,1.8710205720606514
c02,ext_2,0.1,0.42043944972699815,1.8710205720606514
c02,ext_2,0.25,0.27043944972692996,1.8710205720606514
c02,ext_2,0.5,0.020439449727042185,1.8710205720606514
c02,ext_2,0.75,-0.22956055027301503,1.8710205720606514
c02,ext_3,0.0,0.46688192246196375,1.8710205720606514
c02,ext_3,0.1,0.36688192246197476,1.8710205720606514
c02,ext_3,0.25,0.21688192246190655,1.8710205720606514
c02,ext_3,0.5,-0.03311807753798123,1.8710205720606514
c02,ext_3,0.75,-0.2831180775380384,1.8710205720606514
c02,ext_5,0.0,0.09896499603307023,1.8710205720606514
c02,ext_5,0.1,-0.0010350039669187769,1.8710205720606514
c02,ext_5,0.25,-0.151035003966987,1.8710205720606514
c02,ext_5,0.5,-0.40103500396687475,1.8710205720606514
c02,ext_5,0.75,-0.6510350039669319,1.8710205720606514
c02,ext_10,0.0,0.09896499603307023,1.8710205720606514
c02,ext_10,0.1,-0.0010350039669187769,1.8710205720606514
c02,ext_10,0.25,-0.151035003966987,1.8710205720606514
c02,ext_10,0.5,-0.40103500396687475,1.8710205720606514
c02,ext_10,0.75,-0.6510350039669319,1.8710205720606514
c02,fractal_1,0.0,0.09896499603307023,1.8710205720606514
c02,fractal_1,0.1,-0.0010350039669187769,1.8710205720606514
c02,fractal_1,0.25,-0.151035003966987,1.8710205720606514
c02,fractal_1,0.5,-0.40103500396687475,1.8710205720606514
c02,fractal_1,0.75,-0.6510350039669319,1.8710205720606514
c02,fractal_2,0.0,0.09896499603307023,1.8710205720606514
c02,fractal_2,0.1,-0.0010350039669187769,1.8710205720606514
c02,fractal_2,0.25,-0.151035003966987,1.8710205720606514
c02,fractal_2,0.5,-0.40103500396687475,1.8710205720606514
c02,fractal_2,0.75,-0.6510350039669319,1.8710205720606514
c02,fractal_3,0.0,0.09896499603307023,1.8710205720606514
c02,fractal_3,0.1,-0.0010350039669187769,1.8710205720606514
c02,fractal_3,0.25,-0.151035003966987,1.8710205720606514
c02,fractal_3,0.5,-0.40103500396687475,1.8710205720606514
c02,fractal_3,0.75,-0.6510350039669319,1.8710205720606514
c02,zigzag,0.0,0.09896499603307023,1.8710205720606514
c02,zigzag,0.1,-0.0010350039669187769,1.8710205720606514
c02,zigzag,0.25,-0.151035003966987,1.8710205720606514
c02,zigzag,0.5,-0.40103500396687475,1.8710205720606514
c02,zigzag,0.75,-0.6510350039669319,1.8710205720606514
c02,evento,0.0,0.09896499603307023,1.8710205720606514
c02,evento,0.1,-0.0010350039669187769,1.8710205720606514
c02,evento,0.25,-0.151035003966987,1.8710205720606514
c02,evento,0.5,-0.40103500396687475,1.8710205720606514
c02,evento,0.75,-0.6510350039669319,1.8710205720606514
c03,ext_2,0.0,0.7666742575206122,3.0940782535629086
c03,ext_2,0.1,0.6666742575201261,3.0940782535629086
c03,ext_2,0.25,0.5166742575208912,3.0940782535629086
c03,ext_2,0.5,0.26667425752017415,3.0940782535629086
c03,ext_2,0.75,0.016674257520453175,3.0940782535629086
c03,ext_3,0.0,0.7666742575206122,3.0940782535629086
c03,ext_3,0.1,0.6666742575201261,3.0940782535629086
c03,ext_3,0.25,0.5166742575208912,3.0940782535629086
c03,ext_3,0.5,0.26667425752017415,3.0940782535629086
c03,ext_3,0.75,0.016674257520453175,3.0940782535629086
c03,ext_5,0.0,0.46548079920865854,3.0940782535629086
c03,ext_5,0.1,0.36548079920817245,3.0940782535629086
c03,ext_5,0.25,0.21548079920893753,3.0940782535629086
c03,ext_5,0.5,-0.034519200791779545,3.0940782535629086
c03,ext_5,0.75,-0.2845192007915005,3.0940782535629086
c03,ext_10,0.0,0.46548079920865854,3.0940782535629086
c03,ext_10,0.1,0.36548079920817245,3.0940782535629086
c03,ext_10,0.25,0.21548079920893753,3.0940782535629086
c03,ext_10,0.5,-0.034519200791779545,3.0940782535629086
c03,ext_10,0.75,-0.2845192007915005,3.0940782535629086
c03,fractal_1,0.0,0.7666742575206122,3.0940782535629086
c03,fractal_1,0.1,0.6666742575201261,3.0940782535629086
c03,fractal_1,0.25,0.5166742575208912,3.0940782535629086
c03,fractal_1,0.5,0.26667425752017415,3.0940782535629086
c03,fractal_1,0.75,0.016674257520453175,3.0940782535629086
c03,fractal_2,0.0,0.46548079920865854,3.0940782535629086
c03,fractal_2,0.1,0.36548079920817245,3.0940782535629086
c03,fractal_2,0.25,0.21548079920893753,3.0940782535629086
c03,fractal_2,0.5,-0.034519200791779545,3.0940782535629086
c03,fractal_2,0.75,-0.2845192007915005,3.0940782535629086
c03,fractal_3,0.0,0.46548079920865854,3.0940782535629086
c03,fractal_3,0.1,0.36548079920817245,3.0940782535629086
c03,fractal_3,0.25,0.21548079920893753,3.0940782535629086
c03,fractal_3,0.5,-0.034519200791779545,3.0940782535629086
c03,fractal_3,0.75,-0.2845192007915005,3.0940782535629086
c03,zigzag,0.0,-0.4107183522427582,3.0940782535629086
c03,zigzag,0.1,-0.5107183522432442,3.0940782535629086
c03,zigzag,0.25,-0.6607183522424792,3.0940782535629086
c03,zigzag,0.5,-0.9107183522431962,3.0940782535629086
c03,zigzag,0.75,-1.1607183522429172,3.0940782535629086
c03,evento,0.0,0.46548079920865854,3.0940782535629086
c03,evento,0.1,0.36548079920817245,3.0940782535629086
c03,evento,0.25,0.21548079920893753,3.0940782535629086
c03,evento,0.5,-0.034519200791779545,3.0940782535629086
c03,evento,0.75,-0.2845192007915005,3.0940782535629086
c04,ext_2,0.0,0.38180153809304884,1.758601023944072
c04,ext_2,0.1,0.28180153809306896,1.758601023944072
c04,ext_2,0.25,0.1318015380930991,1.758601023944072
c04,ext_2,0.5,-0.11819846190699093,1.758601023944072
c04,ext_2,0.75,-0.36819846190694067,1.758601023944072
c04,ext_3,0.0,0.38180153809304884,1.758601023944072
c04,ext_3,0.1,0.28180153809306896,1.758601023944072
c04,ext_3,0.25,0.1318015380930991,1.758601023944072
c04,ext_3,0.5,-0.11819846190699093,1.758601023944072
c04,ext_3,0.75,-0.36819846190694067,1.758601023944072
c04,ext_5,0.0,0.20439880322154821,1.758601023944072
c04,ext_5,0.1,0.10439880322156832,1.758601023944072
c04,ext_5,0.25,-0.045601196778401534,1.758601023944072
c04,ext_5,0.5,-0.29560119677849156,1.758601023944072
c04,ext_5,0.75,-0.5456011967784413,1.758601023944072
c04,ext_10,0.0,0.20439880322154821,1.758601023944072
c04,ext_10,0.1,0.10439880322156832,1.758601023944072
c04,ext_10,0.25,-0.045601196778401534,1.758601023944072
c04,ext_10,0.5,-0.29560119677849156,1.758601023944072
c04,ext_10,0.75,-0.5456011967784413,1.758601023944072
c04,fractal_1,0.0,0.38180153809304884,1.758601023944072
c04,fractal_1,0.1,0.28180153809306896,1.758601023944072
c04,fractal_1,0.25,0.1318015380930991,1.758601023944072
c04,fractal_1,0.5,-0.11819846190699093,1.758601023944072
c04,fractal_1,0.75,-0.36819846190694067,1.758601023944072
c04,fractal_2,0.0,0.20439880322154821,1.758601023944072
c04,fractal_2,0.1,0.10439880322156832,1.758601023944072
c04,fractal_2,0.25,-0.045601196778401534,1.758601023944072
c04,fractal_2,0.5,-0.29560119677849156,1.758601023944072
c04,fractal_2,0.75,-0.5456011967784413,1.758601023944072
c04,fractal_3,0.0,0.20439880322154821,1.758601023944072
c04,fractal_3,0.1,0.10439880322156832,1.758601023944072
c04,fractal_3,0.25,-0.045601196778401534,1.758601023944072
c04,fractal_3,0.5,-0.29560119677849156,1.758601023944072
c04,fractal_3,0.75,-0.5456011967784413,1.758601023944072
c04,zigzag,0.0,0.20439880322154821,1.758601023944072
c04,zigzag,0.1,0.10439880322156832,1.758601023944072
c04,zigzag,0.25,-0.045601196778401534,1.758601023944072
c04,zigzag,0.5,-0.29560119677849156,1.758601023944072
c04,zigzag,0.75,-0.5456011967784413,1.758601023944072
c04,evento,0.0,0.38180153809304884,1.758601023944072
c04,evento,0.1,0.28180153809306896,1.758601023944072
c04,evento,0.25,0.1318015380930991,1.758601023944072
c04,evento,0.5,-0.11819846190699093,1.758601023944072
c04,evento,0.75,-0.36819846190694067,1.758601023944072
c05,ext_2,0.0,0.9278856422621171,2.4537420317597993
c05,ext_2,0.1,0.8278856422620652,2.4537420317597993
c05,ext_2,0.25,0.677885642262148,2.4537420317597993
c05,ext_2,0.5,0.42788564226207176,2.4537420317597993
c05,ext_2,0.75,0.1778856422621027,2.4537420317597993
c05,ext_3,0.0,0.5596770540628643,2.4537420317597993
c05,ext_3,0.1,0.45967705406281234,2.4537420317597993
c05,ext_3,0.25,0.3096770540628952,2.4537420317597993
c05,ext_3,0.5,0.059677054062818966,2.4537420317597993
c05,ext_3,0.75,-0.1903229459371501,2.4537420317597993
c05,ext_5,0.0,0.26363734915068643,2.4537420317597993
c05,ext_5,0.1,0.16363734915063452,2.4537420317597993
c05,ext_5,0.25,0.013637349150717371,2.4537420317597993
c05,ext_5,0.5,-0.23636265084935887,2.4537420317597993
c05,ext_5,0.75,-0.48636265084932795,2.4537420317597993
c05,ext_10,0.0,0.26363734915068643,2.4537420317597993
c05,ext_10,0.1,0.16363734915063452,2.4537420317597993
c05,ext_10,0.25,0.013637349150717371,2.4537420317597993
c05,ext_10,0.5,-0.23636265084935887,2.4537420317597993
c05,ext_10,0.75,-0.48636265084932795,2.4537420317597993
c05,fractal_1,0.0,0.26363734915068643,2.4537420317597993
c05,fractal_1,0.1,0.16363734915063452,2.4537420317597993
c05,fractal_1,0.25,0.013637349150717371,2.4537420317597993
c05,fractal_1,0.5,-0.23636265084935887,2.4537420317597993
c05,fractal_1,0.75,-0.48636265084932795,2.4537420317597993
c05,fractal_2,0.0,0.26363734915068643,2.4537420317597993
c05,fractal_2,0.1,0.16363734915063452,2.4537420317597993
c05,fractal_2,0.25,0.013637349150717371,2.4537420317597993
c05,fractal_2,0.5,-0.23636265084935887,2.4537420317597993
c05,fractal_2,0.75,-0.48636265084932795,2.4537420317597993
c05,fractal_3,0.0,0.26363734915068643,2.4537420317597993
c05,fractal_3,0.1,0.16363734915063452,2.4537420317597993
c05,fractal_3,0.25,0.013637349150717371,2.4537420317597993
c05,fractal_3,0.5,-0.23636265084935887,2.4537420317597993
c05,fractal_3,0.75,-0.48636265084932795,2.4537420317597993
c05,zigzag,0.0,0.26363734915068643,2.4537420317597993
c05,zigzag,0.1,0.16363734915063452,2.4537420317597993
c05,zigzag,0.25,0.013637349150717371,2.4537420317597993
c05,zigzag,0.5,-0.23636265084935887,2.4537420317597993
c05,zigzag,0.75,-0.48636265084932795,2.4537420317597993
c05,evento,0.0,0.45805148371984905,2.4537420317597993
c05,evento,0.1,0.3580514837197971,2.4537420317597993
c05,evento,0.25,0.20805148371988,2.4537420317597993
c05,evento,0.5,-0.041948516280196246,2.4537420317597993
c05,evento,0.75,-0.2919485162801653,2.4537420317597993
c06,ext_2,0.0,0.1519014682506476,1.6765076158472476
c06,ext_2,0.1,0.051901468250589146,1.6765076158472476
c06,ext_2,0.25,-0.09809853174936292,1.6765076158472476
c06,ext_2,0.5,-0.34809853174937344,1.6765076158472476
c06,ext_2,0.75,-0.598098531749384,1.6765076158472476
c06,ext_3,0.0,0.1519014682506476,1.6765076158472476
c06,ext_3,0.1,0.051901468250589146,1.6765076158472476
c06,ext_3,0.25,-0.09809853174936292,1.6765076158472476
c06,ext_3,0.5,-0.34809853174937344,1.6765076158472476
c06,ext_3,0.75,-0.598098531749384,1.6765076158472476
c06,ext_5,0.0,0.1519014682506476,1.6765076158472476
c06,ext_5,0.1,0.051901468250589146,1.6765076158472476
c06,ext_5,0.25,-0.09809853174936292,1.6765076158472476
c06,ext_5,0.5,-0.34809853174937344,1.6765076158472476
c06,ext_5,0.75,-0.598098531749384,1.6765076158472476
c06,ext_10,0.0,-0.6225164465736779,1.6765076158472476
c06,ext_10,0.1,-0.7225164465737363,1.6765076158472476
c06,ext_10,0.25,-0.8725164465736884,1.6765076158472476
c06,ext_10,0.5,-1.122516446573699,1.6765076158472476
c06,ext_10,0.75,-1.3725164465737094,1.6765076158472476
c06,fractal_1,0.0,0.1519014682506476,1.6765076158472476
c06,fractal_1,0.1,0.051901468250589146,1.6765076158472476
c06,fractal_1,0.25,-0.09809853174936292,1.6765076158472476
c06,fractal_1,0.5,-0.34809853174937344,1.6765076158472476
c06,fractal_1,0.75,-0.598098531749384,1.6765076158472476
c06,fractal_2,0.0,-0.6225164465736779,1.6765076158472476
c06,fractal_2,0.1,-0.7225164465737363,1.6765076158472476
c06,fractal_2,0.25,-0.8725164465736884,1.6765076158472476
c06,fractal_2,0.5,-1.122516446573699,1.6765076158472476
c06,fractal_2,0.75,-1.3725164465737094,1.6765076158472476
c06,fractal_3,0.0,-0.6225164465736779,1.6765076158472476
c06,fractal_3,0.1,-0.7225164465737363,1.6765076158472476
c06,fractal_3,0.25,-0.8725164465736884,1.6765076158472476
c06,fractal_3,0.5,-1.122516446573699,1.6765076158472476
c06,fractal_3,0.75,-1.3725164465737094,1.6765076158472476
c06,zigzag,0.0,0.1519014682506476,1.6765076158472476
c06,zigzag,0.1,0.051901468250589146,1.6765076158472476
c06,zigzag,0.25,-0.09809853174936292,1.6765076158472476
c06,zigzag,0.5,-0.34809853174937344,1.6765076158472476
c06,zigzag,0.75,-0.598098531749384,1.6765076158472476
c06,evento,0.0,0.1519014682506476,1.6765076158472476
c06,evento,0.1,0.051901468250589146,1.6765076158472476
c06,evento,0.25,-0.09809853174936292,1.6765076158472476
c06,evento,0.5,-0.34809853174937344,1.6765076158472476
c06,evento,0.75,-0.598098531749384,1.6765076158472476
c07,ext_2,0.0,1.57531342690507,2.3601770314445916
c07,ext_2,0.1,1.4753134269051034,2.3601770314445916
c07,ext_2,0.25,1.3253134269050517,2.3601770314445916
c07,ext_2,0.5,1.0753134269050337,2.3601770314445916
c07,ext_2,0.75,0.8253134269050155,2.3601770314445916
c07,ext_3,0.0,0.40779390129097753,2.3601770314445916
c07,ext_3,0.1,0.307793901291011,2.3601770314445916
c07,ext_3,0.25,0.15779390129095944,2.3601770314445916
c07,ext_3,0.5,-0.09220609870905866,2.3601770314445916
c07,ext_3,0.75,-0.34220609870907676,2.3601770314445916
c07,ext_5,0.0,-0.1843451882548032,2.3601770314445916
c07,ext_5,0.1,-0.2843451882547698,2.3601770314445916
c07,ext_5,0.25,-0.4343451882548213,2.3601770314445916
c07,ext_5,0.5,-0.6843451882548394,2.3601770314445916
c07,ext_5,0.75,-0.9343451882548576,2.3601770314445916
c07,ext_10,0.0,-0.1843451882548032,2.3601770314445916
c07,ext_10,0.1,-0.2843451882547698,2.3601770314445916
c07,ext_10,0.25,-0.4343451882548213,2.3601770314445916
c07,ext_10,0.5,-0.6843451882548394,2.3601770314445916
c07,ext_10,0.75,-0.9343451882548576,2.3601770314445916
c07,fractal_1,0.0,-0.1843451882548032,2.3601770314445916
c07,fractal_1,0.1,-0.2843451882547698,2.3601770314445916
c07,fractal_1,0.25,-0.4343451882548213,2.3601770314445916
c07,fractal_1,0.5,-0.6843451882548394,2.3601770314445916
c07,fractal_1,0.75,-0.9343451882548576,2.3601770314445916
c07,fractal_2,0.0,-0.1843451882548032,2.3601770314445916
c07,fractal_2,0.1,-0.2843451882547698,2.3601770314445916
c07,fractal_2,0.25,-0.4343451882548213,2.3601770314445916
c07,fractal_2,0.5,-0.6843451882548394,2.3601770314445916
c07,fractal_2,0.75,-0.9343451882548576,2.3601770314445916
c07,fractal_3,0.0,-0.1843451882548032,2.3601770314445916
c07,fractal_3,0.1,-0.2843451882547698,2.3601770314445916
c07,fractal_3,0.25,-0.4343451882548213,2.3601770314445916
c07,fractal_3,0.5,-0.6843451882548394,2.3601770314445916
c07,fractal_3,0.75,-0.9343451882548576,2.3601770314445916
c07,zigzag,0.0,-0.1843451882548032,2.3601770314445916
c07,zigzag,0.1,-0.2843451882547698,2.3601770314445916
c07,zigzag,0.25,-0.4343451882548213,2.3601770314445916
c07,zigzag,0.5,-0.6843451882548394,2.3601770314445916
c07,zigzag,0.75,-0.9343451882548576,2.3601770314445916
c07,evento,0.0,-0.14524166347343204,2.3601770314445916
c07,evento,0.1,-0.24524166347339865,2.3601770314445916
c07,evento,0.25,-0.39524166347345013,2.3601770314445916
c07,evento,0.5,-0.6452416634734682,2.3601770314445916
c07,evento,0.75,-0.8952416634734863,2.3601770314445916
c09,ext_2,0.0,1.2314039846666862,2.518780877727174
c09,ext_2,0.1,1.131403984666744,2.518780877727174
c09,ext_2,0.25,0.9814039846666613,2.518780877727174
c09,ext_2,0.5,0.7314039846666364,2.518780877727174
c09,ext_2,0.75,0.48140398466661133,2.518780877727174
c09,ext_3,0.0,0.8349292168762977,2.518780877727174
c09,ext_3,0.1,0.7349292168763557,2.518780877727174
c09,ext_3,0.25,0.5849292168762728,2.518780877727174
c09,ext_3,0.5,0.3349292168762478,2.518780877727174
c09,ext_3,0.75,0.08492921687622285,2.518780877727174
c09,ext_5,0.0,0.2938577690683061,2.518780877727174
c09,ext_5,0.1,0.19385776906836394,2.518780877727174
c09,ext_5,0.25,0.04385776906828107,2.518780877727174
c09,ext_5,0.5,-0.20614223093174391,2.518780877727174
c09,ext_5,0.75,-0.45614223093176887,2.518780877727174
c09,ext_10,0.0,-0.004664409032760224,2.518780877727174
c09,ext_10,0.1,-0.10466440903270234,2.518780877727174
c09,ext_10,0.25,-0.2546644090327852,2.518780877727174
c09,ext_10,0.5,-0.5046644090328102,2.518780877727174
c09,ext_10,0.75,-0.7546644090328352,2.518780877727174
c09,fractal_1,0.0,0.8349292168762977,2.518780877727174
c09,fractal_1,0.1,0.7349292168763557,2.518780877727174
c09,fractal_1,0.25,0.5849292168762728,2.518780877727174
c09,fractal_1,0.5,0.3349292168762478,2.518780877727174
c09,fractal_1,0.75,0.08492921687622285,2.518780877727174
c09,fractal_2,0.0,-0.004664409032760224,2.518780877727174
c09,fractal_2,0.1,-0.10466440903270234,2.518780877727174
c09,fractal_2,0.25,-0.2546644090327852,2.518780877727174
c09,fractal_2,0.5,-0.5046644090328102,2.518780877727174
c09,fractal_2,0.75,-0.7546644090328352,2.518780877727174
c09,fractal_3,0.0,-0.004664409032760224,2.518780877727174
c09,fractal_3,0.1,-0.10466440903270234,2.518780877727174
c09,fractal_3,0.25,-0.2546644090327852,2.518780877727174
c09,fractal_3,0.5,-0.5046644090328102,2.518780877727174
c09,fractal_3,0.75,-0.7546644090328352,2.518780877727174
c09,zigzag,0.0,0.8349292168762977,2.518780877727174
c09,zigzag,0.1,0.7349292168763557,2.518780877727174
c09,zigzag,0.25,0.5849292168762728,2.518780877727174
c09,zigzag,0.5,0.3349292168762478,2.518780877727174
c09,zigzag,0.75,0.08492921687622285,2.518780877727174
c09,evento,0.0,-0.004664409032760224,2.518780877727174
c09,evento,0.1,-0.10466440903270234,2.518780877727174
c09,evento,0.25,-0.2546644090327852,2.518780877727174
c09,evento,0.5,-0.5046644090328102,2.518780877727174
c09,evento,0.75,-0.7546644090328352,2.518780877727174
c10,ext_2,0.0,0.638776250510728,2.454245594067276
c10,ext_2,0.1,0.5387762505106308,2.454245594067276
c10,ext_2,0.25,0.38877625051065995,2.454245594067276
c10,ext_2,0.5,0.138776250510592,2.454245594067276
c10,ext_2,0.75,-0.1112237494891265,2.454245594067276
c10,ext_3,0.0,0.5523253293888544,2.454245594067276
c10,ext_3,0.1,0.4523253293887573,2.454245594067276
c10,ext_3,0.25,0.3023253293887864,2.454245594067276
c10,ext_3,0.5,0.05232532938871849,2.454245594067276
c10,ext_3,0.75,-0.19767467061100003,2.454245594067276
c10,ext_5,0.0,0.31218388182848295,2.454245594067276
c10,ext_5,0.1,0.21218388182838585,2.454245594067276
c10,ext_5,0.25,0.062183881828414965,2.454245594067276
c10,ext_5,0.5,-0.18781611817165297,2.454245594067276
c10,ext_5,0.75,-0.4378161181713715,2.454245594067276
c10,ext_10,0.0,0.007204243426881035,2.454245594067276
c10,ext_10,0.1,-0.09279575657321604,2.454245594067276
c10,ext_10,0.25,-0.24279575657318692,2.454245594067276
c10,ext_10,0.5,-0.49279575657325486,2.454245594067276
c10,ext_10,0.75,-0.7427957565729734,2.454245594067276
c10,fractal_1,0.0,0.31218388182848295,2.454245594067276
c10,fractal_1,0.1,0.21218388182838585,2.454245594067276
c10,fractal_1,0.25,0.062183881828414965,2.454245594067276
c10,fractal_1,0.5,-0.18781611817165297,2.454245594067276
c10,fractal_1,0.75,-0.4378161181713715,2.454245594067276
c10,fractal_2,0.0,0.007204243426881035,2.454245594067276
c10,fractal_2,0.1,-0.09279575657321604,2.454245594067276
c10,fractal_2,0.25,-0.24279575657318692,2.454245594067276
c10,fractal_2,0.5,-0.49279575657325486,2.454245594067276
c10,fractal_2,0.75,-0.7427957565729734,2.454245594067276
c10,fractal_3,0.0,0.007204243426881035,2.454245594067276
c10,fractal_3,0.1,-0.09279575657321604,2.454245594067276
c10,fractal_3,0.25,-0.24279575657318692,2.454245594067276
c10,fractal_3,0.5,-0.49279575657325486,2.454245594067276
c10,fractal_3,0.75,-0.7427957565729734,2.454245594067276
c10,zigzag,0.0,0.007204243426881035,2.454245594067276
c10,zigzag,0.1,-0.09279575657321604,2.454245594067276
c10,zigzag,0.25,-0.24279575657318692,2.454245594067276
c10,zigzag,0.5,-0.49279575657325486,2.454245594067276
c10,zigzag,0.75,-0.7427957565729734,2.454245594067276
c10,evento,0.0,0.007204243426881035,2.454245594067276
c10,evento,0.1,-0.09279575657321604,2.454245594067276
c10,evento,0.25,-0.24279575657318692,2.454245594067276
c10,evento,0.5,-0.49279575657325486,2.454245594067276
c10,evento,0.75,-0.7427957565729734,2.454245594067276
c11,ext_2,0.0,1.0328842536807152,2.6305962254353368
c11,ext_2,0.1,0.9328842536807858,2.6305962254353368
c11,ext_2,0.25,0.7828842536806762,2.6305962254353368
c11,ext_2,0.5,0.5328842536807809,2.6305962254353368
c11,ext_2,0.75,0.2828842536807418,2.6305962254353368
c11,ext_3,0.0,0.4265831716921741,2.6305962254353368
c11,ext_3,0.1,0.32658317169224466,2.6305962254353368
c11,ext_3,0.25,0.17658317169213505,2.6305962254353368
c11,ext_3,0.5,-0.07341682830776027,2.6305962254353368
c11,ext_3,0.75,-0.3234168283077993,2.6305962254353368
c11,ext_5,0.0,0.2863637032193028,2.6305962254353368
c11,ext_5,0.1,0.18636370321937343,2.6305962254353368
c11,ext_5,0.25,0.03636370321926379,2.6305962254353368
c11,ext_5,0.5,-0.21363629678063153,2.6305962254353368
c11,ext_5,0.75,-0.46363629678067053,2.6305962254353368
c11,ext_10,0.0,0.2863637032193028,2.6305962254353368
c11,ext_10,0.1,0.18636370321937343,2.6305962254353368
c11,ext_10,0.25,0.03636370321926379,2.6305962254353368
c11,ext_10,0.5,-0.21363629678063153,2.6305962254353368
c11,ext_10,0.75,-0.46363629678067053,2.6305962254353368
c11,fractal_1,0.0,0.2863637032193028,2.6305962254353368
c11,fractal_1,0.1,0.18636370321937343,2.6305962254353368
c11,fractal_1,0.25,0.03636370321926379,2.6305962254353368
c11,fractal_1,0.5,-0.21363629678063153,2.6305962254353368
c11,fractal_1,0.75,-0.46363629678067053,2.6305962254353368
c11,fractal_2,0.0,0.2863637032193028,2.6305962254353368
c11,fractal_2,0.1,0.18636370321937343,2.6305962254353368
c11,fractal_2,0.25,0.03636370321926379,2.6305962254353368
c11,fractal_2,0.5,-0.21363629678063153,2.6305962254353368
c11,fractal_2,0.75,-0.46363629678067053,2.6305962254353368
c11,fractal_3,0.0,0.2863637032193028,2.6305962254353368
c11,fractal_3,0.1,0.18636370321937343,2.6305962254353368
c11,fractal_3,0.25,0.03636370321926379,2.6305962254353368
c11,fractal_3,0.5,-0.21363629678063153,2.6305962254353368
c11,fractal_3,0.75,-0.46363629678067053,2.6305962254353368
c11,zigzag,0.0,0.2863637032193028,2.6305962254353368
c11,zigzag,0.1,0.18636370321937343,2.6305962254353368
c11,zigzag,0.25,0.03636370321926379,2.6305962254353368
c11,zigzag,0.5,-0.21363629678063153,2.6305962254353368
c11,zigzag,0.75,-0.46363629678067053,2.6305962254353368
c11,evento,0.0,0.2863637032193028,2.6305962254353368
c11,evento,0.1,0.18636370321937343,2.6305962254353368
c11,evento,0.25,0.03636370321926379,2.6305962254353368
c11,evento,0.5,-0.21363629678063153,2.6305962254353368
c11,evento,0.75,-0.46363629678067053,2.6305962254353368
c16,ext_2,0.0,0.6442474780455089,2.8561638193351935
c16,ext_2,0.1,0.5442474780454616,2.8561638193351935
c16,ext_2,0.25,0.39424747804552085,2.8561638193351935
c16,ext_2,0.5,0.14424747804553284,2.8561638193351935
c16,ext_2,0.75,-0.10575252195445518,2.8561638193351935
c16,ext_3,0.0,0.3185445863669981,2.8561638193351935
c16,ext_3,0.1,0.21854458636695084,2.8561638193351935
c16,ext_3,0.25,0.06854458636701012,2.8561638193351935
c16,ext_3,0.5,-0.1814554136329779,2.8561638193351935
c16,ext_3,0.75,-0.4314554136329659,2.8561638193351935
c16,ext_5,0.0,0.3185445863669981,2.8561638193351935
c16,ext_5,0.1,0.21854458636695084,2.8561638193351935
c16,ext_5,0.25,0.06854458636701012,2.8561638193351935
c16,ext_5,0.5,-0.1814554136329779,2.8561638193351935
c16,ext_5,0.75,-0.4314554136329659,2.8561638193351935
c16,ext_10,0.0,0.3185445863669981,2.8561638193351935
c16,ext_10,0.1,0.21854458636695084,2.8561638193351935
c16,ext_10,0.25,0.06854458636701012,2.8561638193351935
c16,ext_10,0.5,-0.1814554136329779,2.8561638193351935
c16,ext_10,0.75,-0.4314554136329659,2.8561638193351935
c16,fractal_1,0.0,0.3185445863669981,2.8561638193351935
c16,fractal_1,0.1,0.21854458636695084,2.8561638193351935
c16,fractal_1,0.25,0.06854458636701012,2.8561638193351935
c16,fractal_1,0.5,-0.1814554136329779,2.8561638193351935
c16,fractal_1,0.75,-0.4314554136329659,2.8561638193351935
c16,fractal_2,0.0,0.3185445863669981,2.8561638193351935
c16,fractal_2,0.1,0.21854458636695084,2.8561638193351935
c16,fractal_2,0.25,0.06854458636701012,2.8561638193351935
c16,fractal_2,0.5,-0.1814554136329779,2.8561638193351935
c16,fractal_2,0.75,-0.4314554136329659,2.8561638193351935
c16,fractal_3,0.0,0.569085272273585,2.8561638193351935
c16,fractal_3,0.1,0.46908527227353763,2.8561638193351935
c16,fractal_3,0.25,0.3190852722735969,2.8561638193351935
c16,fractal_3,0.5,0.06908527227360887,2.8561638193351935
c16,fractal_3,0.75,-0.18091472772637912,2.8561638193351935
c16,zigzag,0.0,0.3185445863669981,2.8561638193351935
c16,zigzag,0.1,0.21854458636695084,2.8561638193351935
c16,zigzag,0.25,0.06854458636701012,2.8561638193351935
c16,zigzag,0.5,-0.1814554136329779,2.8561638193351935
c16,zigzag,0.75,-0.4314554136329659,2.8561638193351935
c16,evento,0.0,0.3185445863669981,2.8561638193351935
c16,evento,0.1,0.21854458636695084,2.8561638193351935
c16,evento,0.25,0.06854458636701012,2.8561638193351935
c16,evento,0.5,-0.1814554136329779,2.8561638193351935
c16,evento,0.75,-0.4314554136329659,2.8561638193351935
c17,ext_2,0.0,1.6031497310580145,2.9099188395676263
c17,ext_2,0.1,1.5031497310580053,2.9099188395676263
c17,ext_2,0.25,1.3531497310581142,2.9099188395676263
c17,ext_2,0.5,1.103149731057969,2.9099188395676263
c17,ext_2,0.75,0.8531497310580688,2.9099188395676263
c17,ext_3,0.0,1.502110882461918,2.9099188395676263
c17,ext_3,0.1,1.4021108824619088,2.9099188395676263
c17,ext_3,0.25,1.2521108824620177,2.9099188395676263
c17,ext_3,0.5,1.0021108824618725,2.9099188395676263
c17,ext_3,0.75,0.7521108824619724,2.9099188395676263
c17,ext_5,0.0,0.013471846479528536,2.9099188395676263
c17,ext_5,0.1,-0.08652815352048054,2.9099188395676263
c17,ext_5,0.25,-0.23652815352037165,2.9099188395676263
c17,ext_5,0.5,-0.48652815352051687,2.9099188395676263
c17,ext_5,0.75,-0.736528153520417,2.9099188395676263
c17,ext_10,0.0,0.013471846479528536,2.9099188395676263
c17,ext_10,0.1,-0.08652815352048054,2.9099188395676263
c17,ext_10,0.25,-0.23652815352037165,2.9099188395676263
c17,ext_10,0.5,-0.48652815352051687,2.9099188395676263
c17,ext_10,0.75,-0.736528153520417,2.9099188395676263
c17,fractal_1,0.0,0.7948389422892429,2.9099188395676263
c17,fractal_1,0.1,0.6948389422892338,2.9099188395676263
c17,fractal_1,0.25,0.5448389422893428,2.9099188395676263
c17,fractal_1,0.5,0.29483894228919755,2.9099188395676263
c17,fractal_1,0.75,0.04483894228929736,2.9099188395676263
c17,fractal_2,0.0,0.7948389422892429,2.9099188395676263
c17,fractal_2,0.1,0.6948389422892338,2.9099188395676263
c17,fractal_2,0.25,0.5448389422893428,2.9099188395676263
c17,fractal_2,0.5,0.29483894228919755,2.9099188395676263
c17,fractal_2,0.75,0.04483894228929736,2.9099188395676263
c17,fractal_3,0.0,0.7948389422892429,2.9099188395676263
c17,fractal_3,0.1,0.6948389422892338,2.9099188395676263
c17,fractal_3,0.25,0.5448389422893428,2.9099188395676263
c17,fractal_3,0.5,0.29483894228919755,2.9099188395676263
c17,fractal_3,0.75,0.04483894228929736,2.9099188395676263
c17,zigzag,0.0,1.502110882461918,2.9099188395676263
c17,zigzag,0.1,1.4021108824619088,2.9099188395676263
c17,zigzag,0.25,1.2521108824620177,2.9099188395676263
c17,zigzag,0.5,1.0021108824618725,2.9099188395676263
c17,zigzag,0.75,0.7521108824619724,2.9099188395676263
c17,evento,0.0,1.502110882461918,2.9099188395676263
c17,evento,0.1,1.4021108824619088,2.9099188395676263
c17,evento,0.25,1.2521108824620177,2.9099188395676263
c17,evento,0.5,1.0021108824618725,2.9099188395676263
c17,evento,0.75,0.7521108824619724,2.9099188395676263
c19,ext_2,0.0,1.6167703004655565,3.0909520395812824
c19,ext_2,0.1,1.5167703004655868,3.0909520395812824
c19,ext_2,0.25,1.3667703004655485,3.0909520395812824
c19,ext_2,0.5,1.1167703004655407,3.0909520395812824
c19,ext_2,0.75,0.8667703004655327,3.0909520395812824
c19,ext_3,0.0,1.6167703004655565,3.0909520395812824
c19,ext_3,0.1,1.5167703004655868,3.0909520395812824
c19,ext_3,0.25,1.3667703004655485,3.0909520395812824
c19,ext_3,0.5,1.1167703004655407,3.0909520395812824
c19,ext_3,0.75,0.8667703004655327,3.0909520395812824
c19,ext_5,0.0,0.9383247263015175,3.0909520395812824
c19,ext_5,0.1,0.8383247263015478,3.0909520395812824
c19,ext_5,0.25,0.6883247263015095,3.0909520395812824
c19,ext_5,0.5,0.43832472630150165,3.0909520395812824
c19,ext_5,0.75,0.18832472630149372,3.0909520395812824
c19,ext_10,0.0,0.33347324831791747,3.0909520395812824
c19,ext_10,0.1,0.23347324831794777,3.0909520395812824
c19,ext_10,0.25,0.08347324831790955,3.0909520395812824
c19,ext_10,0.5,-0.16652675168209838,3.0909520395812824
c19,ext_10,0.75,-0.4165267516821063,3.0909520395812824
c19,fractal_1,0.0,1.6167703004655565,3.0909520395812824
c19,fractal_1,0.1,1.5167703004655868,3.0909520395812824
c19,fractal_1,0.25,1.3667703004655485,3.0909520395812824
c19,fractal_1,0.5,1.1167703004655407,3.0909520395812824
c19,fractal_1,0.75,0.8667703004655327,3.0909520395812824
c19,fractal_2,0.0,0.33347324831791747,3.0909520395812824
c19,fractal_2,0.1,0.23347324831794777,3.0909520395812824
c19,fractal_2,0.25,0.08347324831790955,3.0909520395812824
c19,fractal_2,0.5,-0.16652675168209838,3.0909520395812824
c19,fractal_2,0.75,-0.4165267516821063,3.0909520395812824
c19,fractal_3,0.0,0.33347324831791747,3.0909520395812824
c19,fractal_3,0.1,0.23347324831794777,3.0909520395812824
c19,fractal_3,0.25,0.08347324831790955,3.0909520395812824
c19,fractal_3,0.5,-0.16652675168209838,3.0909520395812824
c19,fractal_3,0.75,-0.4165267516821063,3.0909520395812824
c19,zigzag,0.0,0.33347324831791747,3.0909520395812824
c19,zigzag,0.1,0.23347324831794777,3.0909520395812824
c19,zigzag,0.25,0.08347324831790955,3.0909520395812824
c19,zigzag,0.5,-0.16652675168209838,3.0909520395812824
c19,zigzag,0.75,-0.4165267516821063,3.0909520395812824
c19,evento,0.0,0.9383247263015175,3.0909520395812824
c19,evento,0.1,0.8383247263015478,3.0909520395812824
c19,evento,0.25,0.6883247263015095,3.0909520395812824
c19,evento,0.5,0.43832472630150165,3.0909520395812824
c19,evento,0.75,0.18832472630149372,3.0909520395812824
c20,ext_2,0.0,2.289517601988999,4.371436457683651
c20,ext_2,0.1,2.1895176019889457,4.371436457683651
c20,ext_2,0.25,2.039517601988866,4.371436457683651
c20,ext_2,0.5,1.789517601989164,4.371436457683651
c20,ext_2,0.75,1.539517601989031,4.371436457683651
c20,ext_3,0.0,1.8031433963852725,4.371436457683651
c20,ext_3,0.1,1.7031433963852194,4.371436457683651
c20,ext_3,0.25,1.5531433963851395,4.371436457683651
c20,ext_3,0.5,1.303143396385438,4.371436457683651
c20,ext_3,0.75,1.0531433963853047,4.371436457683651
c20,ext_5,0.0,1.6726527558571385,4.371436457683651
c20,ext_5,0.1,1.572652755857085,4.371436457683651
c20,ext_5,0.25,1.4226527558570052,4.371436457683651
c20,ext_5,0.5,1.1726527558573037,4.371436457683651
c20,ext_5,0.75,0.9226527558571704,4.371436457683651
c20,ext_10,0.0,-0.3855405288323589,4.371436457683651
c20,ext_10,0.1,-0.48554052883241217,4.371436457683651
c20,ext_10,0.25,-0.6355405288324921,4.371436457683651
c20,ext_10,0.5,-0.8855405288321937,4.371436457683651
c20,ext_10,0.75,-1.1355405288323268,4.371436457683651
c20,fractal_1,0.0,1.8031433963852725,4.371436457683651
c20,fractal_1,0.1,1.7031433963852194,4.371436457683651
c20,fractal_1,0.25,1.5531433963851395,4.371436457683651
c20,fractal_1,0.5,1.303143396385438,4.371436457683651
c20,fractal_1,0.75,1.0531433963853047,4.371436457683651
c20,fractal_2,0.0,-0.3855405288323589,4.371436457683651
c20,fractal_2,0.1,-0.48554052883241217,4.371436457683651
c20,fractal_2,0.25,-0.6355405288324921,4.371436457683651
c20,fractal_2,0.5,-0.8855405288321937,4.371436457683651
c20,fractal_2,0.75,-1.1355405288323268,4.371436457683651
c20,fractal_3,0.0,-0.3855405288323589,4.371436457683651
c20,fractal_3,0.1,-0.48554052883241217,4.371436457683651
c20,fractal_3,0.25,-0.6355405288324921,4.371436457683651
c20,fractal_3,0.5,-0.8855405288321937,4.371436457683651
c20,fractal_3,0.75,-1.1355405288323268,4.371436457683651
c20,zigzag,0.0,-0.3855405288323589,4.371436457683651
c20,zigzag,0.1,-0.48554052883241217,4.371436457683651
c20,zigzag,0.25,-0.6355405288324921,4.371436457683651
c20,zigzag,0.5,-0.8855405288321937,4.371436457683651
c20,zigzag,0.75,-1.1355405288323268,4.371436457683651
c20,evento,0.0,1.4769167950655844,4.371436457683651
c20,evento,0.1,1.376916795065531,4.371436457683651
c20,evento,0.25,1.2269167950654511,4.371436457683651
c20,evento,0.5,0.9769167950657496,4.371436457683651
c20,evento,0.75,0.7269167950656164,4.371436457683651
c22,ext_2,0.0,0.7023589369118197,1.6332764827473976
c22,ext_2,0.1,0.6023589369118544,1.6332764827473976
c22,ext_2,0.25,0.4523589369118456,1.6332764827473976
c22,ext_2,0.5,0.2023589369118715,1.6332764827473976
c22,ext_2,0.75,-0.04764106308822398,1.6332764827473976
c22,ext_3,0.0,0.49715668218455783,1.6332764827473976
c22,ext_3,0.1,0.39715668218459244,1.6332764827473976
c22,ext_3,0.25,0.24715668218458373,1.6332764827473976
c22,ext_3,0.5,-0.002843317815390373,1.6332764827473976
c22,ext_3,0.75,-0.25284331781548586,1.6332764827473976
c22,ext_5,0.0,-0.051717641435411035,1.6332764827473976
c22,ext_5,0.1,-0.1517176414353764,1.6332764827473976
c22,ext_5,0.25,-0.30171764143538515,1.6332764827473976
c22,ext_5,0.5,-0.5517176414353593,1.6332764827473976
c22,ext_5,0.75,-0.8017176414354548,1.6332764827473976
c22,ext_10,0.0,-0.051717641435411035,1.6332764827473976
c22,ext_10,0.1,-0.1517176414353764,1.6332764827473976
c22,ext_10,0.25,-0.30171764143538515,1.6332764827473976
c22,ext_10,0.5,-0.5517176414353593,1.6332764827473976
c22,ext_10,0.75,-0.8017176414354548,1.6332764827473976
c22,fractal_1,0.0,-0.051717641435411035,1.6332764827473976
c22,fractal_1,0.1,-0.1517176414353764,1.6332764827473976
c22,fractal_1,0.25,-0.30171764143538515,1.6332764827473976
c22,fractal_1,0.5,-0.5517176414353593,1.6332764827473976
c22,fractal_1,0.75,-0.8017176414354548,1.6332764827473976
c22,fractal_2,0.0,-0.051717641435411035,1.6332764827473976
c22,fractal_2,0.1,-0.1517176414353764,1.6332764827473976
c22,fractal_2,0.25,-0.30171764143538515,1.6332764827473976
c22,fractal_2,0.5,-0.5517176414353593,1.6332764827473976
c22,fractal_2,0.75,-0.8017176414354548,1.6332764827473976
c22,fractal_3,0.0,-0.051717641435411035,1.6332764827473976
c22,fractal_3,0.1,-0.1517176414353764,1.6332764827473976
c22,fractal_3,0.25,-0.30171764143538515,1.6332764827473976
c22,fractal_3,0.5,-0.5517176414353593,1.6332764827473976
c22,fractal_3,0.75,-0.8017176414354548,1.6332764827473976
c22,zigzag,0.0,-0.051717641435411035,1.6332764827473976
c22,zigzag,0.1,-0.1517176414353764,1.6332764827473976
c22,zigzag,0.25,-0.30171764143538515,1.6332764827473976
c22,zigzag,0.5,-0.5517176414353593,1.6332764827473976
c22,zigzag,0.75,-0.8017176414354548,1.6332764827473976
c22,evento,0.0,-0.051717641435411035,1.6332764827473976
c22,evento,0.1,-0.1517176414353764,1.6332764827473976
c22,evento,0.25,-0.30171764143538515,1.6332764827473976
c22,evento,0.5,-0.5517176414353593,1.6332764827473976
c22,evento,0.75,-0.8017176414354548,1.6332764827473976
c24,ext_2,0.0,3.676637994684529,5.204591447021159
c24,ext_2,0.1,3.5766379946843663,5.204591447021159
c24,ext_2,0.25,3.4266379946841217,5.204591447021159
c24,ext_2,0.5,3.1766379946837144,5.204591447021159
c24,ext_2,0.75,2.9266379946850445,5.204591447021159
c24,ext_3,0.0,3.4378952677569847,5.204591447021159
c24,ext_3,0.1,3.3378952677568217,5.204591447021159
c24,ext_3,0.25,3.1878952677565775,5.204591447021159
c24,ext_3,0.5,2.9378952677561703,5.204591447021159
c24,ext_3,0.75,2.6878952677575,5.204591447021159
c24,ext_5,0.0,2.4829243600468076,5.204591447021159
c24,ext_5,0.1,2.382924360046645,5.204591447021159
c24,ext_5,0.25,2.2329243600464004,5.204591447021159
c24,ext_5,0.5,1.9829243600459932,5.204591447021159
c24,ext_5,0.75,1.732924360047323,5.204591447021159
c24,ext_10,0.0,2.4829243600468076,5.204591447021159
c24,ext_10,0.1,2.382924360046645,5.204591447021159
c24,ext_10,0.25,2.2329243600464004,5.204591447021159
c24,ext_10,0.5,1.9829243600459932,5.204591447021159
c24,ext_10,0.75,1.732924360047323,5.204591447021159
c24,fractal_1,0.0,2.4829243600468076,5.204591447021159
c24,fractal_1,0.1,2.382924360046645,5.204591447021159
c24,fractal_1,0.25,2.2329243600464004,5.204591447021159
c24,fractal_1,0.5,1.9829243600459932,5.204591447021159
c24,fractal_1,0.75,1.732924360047323,5.204591447021159
c24,fractal_2,0.0,2.4829243600468076,5.204591447021159
c24,fractal_2,0.1,2.382924360046645,5.204591447021159
c24,fractal_2,0.25,2.2329243600464004,5.204591447021159
c24,fractal_2,0.5,1.9829243600459932,5.204591447021159
c24,fractal_2,0.75,1.732924360047323,5.204591447021159
c24,fractal_3,0.0,2.4829243600468076,5.204591447021159
c24,fractal_3,0.1,2.382924360046645,5.204591447021159
c24,fractal_3,0.25,2.2329243600464004,5.204591447021159
c24,fractal_3,0.5,1.9829243600459932,5.204591447021159
c24,fractal_3,0.75,1.732924360047323,5.204591447021159
c24,zigzag,0.0,2.4829243600468076,5.204591447021159
c24,zigzag,0.1,2.382924360046645,5.204591447021159
c24,zigzag,0.25,2.2329243600464004,5.204591447021159
c24,zigzag,0.5,1.9829243600459932,5.204591447021159
c24,zigzag,0.75,1.732924360047323,5.204591447021159
c24,evento,0.0,2.4829243600468076,5.204591447021159
c24,evento,0.1,2.382924360046645,5.204591447021159
c24,evento,0.25,2.2329243600464004,5.204591447021159
c24,evento,0.5,1.9829243600459932,5.204591447021159
c24,evento,0.75,1.732924360047323,5.204591447021159
c25,ext_2,0.0,1.3243089691043595,2.775811455015501
c25,ext_2,0.1,1.224308969104291,2.775811455015501
c25,ext_2,0.25,1.0743089691043697,2.775811455015501
c25,ext_2,0.5,0.82430896910438,2.775811455015501
c25,ext_2,0.75,0.5743089691043903,2.775811455015501
c25,ext_3,0.0,0.9851262576200307,2.775811455015501
c25,ext_3,0.1,0.8851262576199622,2.775811455015501
c25,ext_3,0.25,0.735126257620041,2.775811455015501
c25,ext_3,0.5,0.4851262576200513,2.775811455015501
c25,ext_3,0.75,0.23512625762006156,2.775811455015501
c25,ext_5,0.0,0.9851262576200307,2.775811455015501
c25,ext_5,0.1,0.8851262576199622,2.775811455015501
c25,ext_5,0.25,0.735126257620041,2.775811455015501
c25,ext_5,0.5,0.4851262576200513,2.775811455015501
c25,ext_5,0.75,0.23512625762006156,2.775811455015501
c25,ext_10,0.0,0.9726563049919291,2.775811455015501
c25,ext_10,0.1,0.8726563049918606,2.775811455015501
c25,ext_10,0.25,0.7226563049919393,2.775811455015501
c25,ext_10,0.5,0.4726563049919496,2.775811455015501
c25,ext_10,0.75,0.2226563049919599,2.775811455015501
c25,fractal_1,0.0,0.9851262576200307,2.775811455015501
c25,fractal_1,0.1,0.8851262576199622,2.775811455015501
c25,fractal_1,0.25,0.735126257620041,2.775811455015501
c25,fractal_1,0.5,0.4851262576200513,2.775811455015501
c25,fractal_1,0.75,0.23512625762006156,2.775811455015501
c25,fractal_2,0.0,0.9851262576200307,2.775811455015501
c25,fractal_2,0.1,0.8851262576199622,2.775811455015501
c25,fractal_2,0.25,0.735126257620041,2.775811455015501
c25,fractal_2,0.5,0.4851262576200513,2.775811455015501
c25,fractal_2,0.75,0.23512625762006156,2.775811455015501
c25,fractal_3,0.0,0.9726563049919291,2.775811455015501
c25,fractal_3,0.1,0.8726563049918606,2.775811455015501
c25,fractal_3,0.25,0.7226563049919393,2.775811455015501
c25,fractal_3,0.5,0.4726563049919496,2.775811455015501
c25,fractal_3,0.75,0.2226563049919599,2.775811455015501
c25,zigzag,0.0,0.9726563049919291,2.775811455015501
c25,zigzag,0.1,0.8726563049918606,2.775811455015501
c25,zigzag,0.25,0.7226563049919393,2.775811455015501
c25,zigzag,0.5,0.4726563049919496,2.775811455015501
c25,zigzag,0.75,0.2226563049919599,2.775811455015501
c25,evento,0.0,0.9851262576200307,2.775811455015501
c25,evento,0.1,0.8851262576199622,2.775811455015501
c25,evento,0.25,0.735126257620041,2.775811455015501
c25,evento,0.5,0.4851262576200513,2.775811455015501
c25,evento,0.75,0.23512625762006156,2.775811455015501
c28,ext_2,0.0,0.1020100214927892,2.2918251495382944
c28,ext_2,0.1,0.0020100214925796787,2.2918251495382944
c28,ext_2,0.25,-0.1479899785069924,2.2918251495382944
c28,ext_2,0.5,-0.3979899785072688,2.2918251495382944
c28,ext_2,0.75,-0.6479899785070504,2.2918251495382944
c28,ext_3,0.0,0.1020100214927892,2.2918251495382944
c28,ext_3,0.1,0.0020100214925796787,2.2918251495382944
c28,ext_3,0.25,-0.1479899785069924,2.2918251495382944
c28,ext_3,0.5,-0.3979899785072688,2.2918251495382944
c28,ext_3,0.75,-0.6479899785070504,2.2918251495382944
c28,ext_5,0.0,0.1020100214927892,2.2918251495382944
c28,ext_5,0.1,0.0020100214925796787,2.2918251495382944
c28,ext_5,0.25,-0.1479899785069924,2.2918251495382944
c28,ext_5,0.5,-0.3979899785072688,2.2918251495382944
c28,ext_5,0.75,-0.6479899785070504,2.2918251495382944
c28,ext_10,0.0,0.1020100214927892,2.2918251495382944
c28,ext_10,0.1,0.0020100214925796787,2.2918251495382944
c28,ext_10,0.25,-0.1479899785069924,2.2918251495382944
c28,ext_10,0.5,-0.3979899785072688,2.2918251495382944
c28,ext_10,0.75,-0.6479899785070504,2.2918251495382944
c28,fractal_1,0.0,0.7820768314447172,2.2918251495382944
c28,fractal_1,0.1,0.6820768314445077,2.2918251495382944
c28,fractal_1,0.25,0.5320768314449357,2.2918251495382944
c28,fractal_1,0.5,0.2820768314446592,2.2918251495382944
c28,fractal_1,0.75,0.032076831444877635,2.2918251495382944
c28,fractal_2,0.0,0.7820768314447172,2.2918251495382944
c28,fractal_2,0.1,0.6820768314445077,2.2918251495382944
c28,fractal_2,0.25,0.5320768314449357,2.2918251495382944
c28,fractal_2,0.5,0.2820768314446592,2.2918251495382944
c28,fractal_2,0.75,0.032076831444877635,2.2918251495382944
c28,fractal_3,0.0,0.7820768314447172,2.2918251495382944
c28,fractal_3,0.1,0.6820768314445077,2.2918251495382944
c28,fractal_3,0.25,0.5320768314449357,2.2918251495382944
c28,fractal_3,0.5,0.2820768314446592,2.2918251495382944
c28,fractal_3,0.75,0.032076831444877635,2.2918251495382944
c28,zigzag,0.0,NaN,2.2918251495382944
c28,zigzag,0.1,NaN,2.2918251495382944
c28,zigzag,0.25,NaN,2.2918251495382944
c28,zigzag,0.5,NaN,2.2918251495382944
c28,zigzag,0.75,NaN,2.2918251495382944
c28,evento,0.0,0.1020100214927892,2.2918251495382944
c28,evento,0.1,0.0020100214925796787,2.2918251495382944
c28,evento,0.25,-0.1479899785069924,2.2918251495382944
c28,evento,0.5,-0.3979899785072688,2.2918251495382944
c28,evento,0.75,-0.6479899785070504,2.2918251495382944
c30,ext_2,0.0,2.2629725445941724,4.162415363149014
c30,ext_2,0.1,2.162972544594141,4.162415363149014
c30,ext_2,0.25,2.0129725445942035,4.162415363149014
c30,ext_2,0.5,1.7629725445941242,4.162415363149014
c30,ext_2,0.75,1.512972544594155,4.162415363149014
c30,ext_3,0.0,2.2629725445941724,4.162415363149014
c30,ext_3,0.1,2.162972544594141,4.162415363149014
c30,ext_3,0.25,2.0129725445942035,4.162415363149014
c30,ext_3,0.5,1.7629725445941242,4.162415363149014
c30,ext_3,0.75,1.512972544594155,4.162415363149014
c30,ext_5,0.0,0.13935306164832395,4.162415363149014
c30,ext_5,0.1,0.03935306164829223,4.162415363149014
c30,ext_5,0.25,-0.11064693835164516,4.162415363149014
c30,ext_5,0.5,-0.36064693835172446,4.162415363149014
c30,ext_5,0.75,-0.6106469383516936,4.162415363149014
c30,ext_10,0.0,0.13935306164832395,4.162415363149014
c30,ext_10,0.1,0.03935306164829223,4.162415363149014
c30,ext_10,0.25,-0.11064693835164516,4.162415363149014
c30,ext_10,0.5,-0.36064693835172446,4.162415363149014
c30,ext_10,0.75,-0.6106469383516936,4.162415363149014
c30,fractal_1,0.0,2.2629725445941724,4.162415363149014
c30,fractal_1,0.1,2.162972544594141,4.162415363149014
c30,fractal_1,0.25,2.0129725445942035,4.162415363149014
c30,fractal_1,0.5,1.7629725445941242,4.162415363149014
c30,fractal_1,0.75,1.512972544594155,4.162415363149014
c30,fractal_2,0.0,0.13935306164832395,4.162415363149014
c30,fractal_2,0.1,0.03935306164829223,4.162415363149014
c30,fractal_2,0.25,-0.11064693835164516,4.162415363149014
c30,fractal_2,0.5,-0.36064693835172446,4.162415363149014
c30,fractal_2,0.75,-0.6106469383516936,4.162415363149014
c30,fractal_3,0.0,0.13935306164832395,4.162415363149014
c30,fractal_3,0.1,0.03935306164829223,4.162415363149014
c30,fractal_3,0.25,-0.11064693835164516,4.162415363149014
c30,fractal_3,0.5,-0.36064693835172446,4.162415363149014
c30,fractal_3,0.75,-0.6106469383516936,4.162415363149014
c30,zigzag,0.0,0.13935306164832395,4.162415363149014
c30,zigzag,0.1,0.03935306164829223,4.162415363149014
c30,zigzag,0.25,-0.11064693835164516,4.162415363149014
c30,zigzag,0.5,-0.36064693835172446,4.162415363149014
c30,zigzag,0.75,-0.6106469383516936,4.162415363149014
c30,evento,0.0,0.13935306164832395,4.162415363149014
c30,evento,0.1,0.03935306164829223,4.162415363149014
c30,evento,0.25,-0.11064693835164516,4.162415363149014
c30,evento,0.5,-0.36064693835172446,4.162415363149014
c30,evento,0.75,-0.6106469383516936,4.162415363149014
